ID,alpha,beta,trial,Q1,Q2,Prob,Choice,Reward,Op1_p,Op2_p
1,0.1,0.5,1,0,0,0.5,2,0,0.8,0.2
1,0.1,0.5,2,0,0,0.5,2,0,0.8,0.2
1,0.1,0.5,3,0,0,0.5,1,0,0.8,0.2
1,0.1,0.5,4,0,0,0.5,1,1,0.8,0.2
1,0.1,0.5,5,0.1,0,0.5124973964842103,1,1,0.8,0.2
1,0.1,0.5,6,0.19,0,0.523732154126561,1,1,0.8,0.2
1,0.1,0.5,7,0.271,0,0.5338232655279791,1,1,0.8,0.2
1,0.1,0.5,8,0.34390000000000004,0,0.5428818953180848,1,0,0.8,0.2
1,0.1,0.5,9,0.30951000000000006,0,0.5386117210446943,1,1,0.8,0.2
1,0.1,0.5,10,0.3785590000000001,0,0.5471791029567151,1,0,0.8,0.2
1,0.1,0.5,11,0.3407031000000001,0,0.5424851950317869,1,1,0.8,0.2
1,0.1,0.5,12,0.4066327900000001,0,0.5506547236436083,1,1,0.8,0.2
1,0.1,0.5,13,0.46596951100000006,0,0.5579841351285523,1,1,0.8,0.2
1,0.1,0.5,14,0.5193725599000001,0,0.5645591709027065,2,0,0.8,0.2
1,0.1,0.5,15,0.5193725599000001,0,0.5645591709027065,1,1,0.8,0.2
1,0.1,0.5,16,0.5674353039100001,0,0.5704574192075166,2,1,0.8,0.2
1,0.1,0.5,17,0.5674353039100001,0.1,0.5581648874378038,1,1,0.8,0.2
1,0.1,0.5,18,0.6106917735190001,0.1,0.5634918654750661,1,0,0.8,0.2
1,0.1,0.5,19,0.5496225961671001,0.1,0.5559673066360747,2,0,0.8,0.2
1,0.1,0.5,20,0.5496225961671001,0.09,0.5572012970526019,2,0,0.8,0.2
1,0.1,0.5,21,0.5496225961671001,0.081,0.558311285514258,2,1,0.8,0.2
1,0.1,0.5,22,0.5496225961671001,0.1729,0.5469515864336238,2,1,0.8,0.2
1,0.1,0.5,23,0.5496225961671001,0.25561,0.5366855311736947,2,0,0.8,0.2
1,0.1,0.5,24,0.5496225961671001,0.230049,0.5398619232988261,1,1,0.8,0.2
1,0.1,0.5,25,0.5946603365503901,0.230049,0.5454506061495288,1,0,0.8,0.2
1,0.1,0.5,26,0.5351943028953511,0.230049,0.5380693420058014,1,1,0.8,0.2
1,0.1,0.5,27,0.581674872605816,0.230049,0.5438403660439741,1,1,0.8,0.2
1,0.1,0.5,28,0.6235073853452344,0.230049,0.5490242870339991,2,0,0.8,0.2
1,0.1,0.5,29,0.6235073853452344,0.2070441,0.5518706183406589,1,1,0.8,0.2
1,0.1,0.5,30,0.661156646810711,0.2070441,0.5565214485838227,2,0,0.8,0.2
1,0.1,0.5,31,0.661156646810711,0.18633969,0.5590749110219158,2,1,0.8,0.2
1,0.1,0.5,32,0.661156646810711,0.267705721,0.5490233635560655,2,0,0.8,0.2
1,0.1,0.5,33,0.661156646810711,0.2409351489,0.5523352936323548,1,1,0.8,0.2
1,0.1,0.5,34,0.6950409821296398,0.2409351489,0.5565206201098836,1,1,0.8,0.2
1,0.1,0.5,35,0.7255368839166758,0.2409351489,0.5602805837521427,1,0,0.8,0.2
1,0.1,0.5,36,0.6529831955250083,0.2409351489,0.5513245909311307,1,0,0.8,0.2
1,0.1,0.5,37,0.5876848759725074,0.2409351489,0.5432354694184398,2,0,0.8,0.2
1,0.1,0.5,38,0.5876848759725074,0.21684163401,0.5462230475034394,1,1,0.8,0.2
1,0.1,0.5,39,0.6289163883752567,0.21684163401,0.5513278942194509,1,1,0.8,0.2
1,0.1,0.5,40,0.6660247495377309,0.21684163401,0.5559130591904857,2,0,0.8,0.2
1,0.1,0.5,41,0.6660247495377309,0.19515747060900002,0.5585880365264767,2,0,0.8,0.2
1,0.1,0.5,42,0.6660247495377309,0.1756417235481,0.5609926166768645,1,1,0.8,0.2
1,0.1,0.5,43,0.6994222745839579,0.1756417235481,0.5651009064893739,1,1,0.8,0.2
1,0.1,0.5,44,0.7294800471255621,0.1756417235481,0.5687907541366303,2,1,0.8,0.2
1,0.1,0.5,45,0.7294800471255621,0.25807755119329,0.5586540190352984,1,1,0.8,0.2
1,0.1,0.5,46,0.756532042413006,0.25807755119329,0.5619862905631978,1,1,0.8,0.2
1,0.1,0.5,47,0.7808788381717053,0.25807755119329,0.5649805697720293,1,0,0.8,0.2
1,0.1,0.5,48,0.7027909543545348,0.25807755119329,0.5553612631874714,1,1,0.8,0.2
1,0.1,0.5,49,0.7325118589190813,0.25807755119329,0.559027747046394,1,0,0.8,0.2
1,0.1,0.5,50,0.6592606730271732,0.25807755119329,0.5499804141225749,1,1,0.8,0.2
2,0.1,1,1,0,0,0.5,2,0,0.8,0.2
2,0.1,1,2,0,0,0.5,1,0,0.8,0.2
2,0.1,1,3,0,0,0.5,1,1,0.8,0.2
2,0.1,1,4,0.1,0,0.52497918747894,1,1,0.8,0.2
2,0.1,1,5,0.19,0,0.5473576181430894,1,1,0.8,0.2
2,0.1,1,6,0.271,0,0.5673383870169968,1,0,0.8,0.2
2,0.1,1,7,0.2439,0,0.5606745179714383,2,1,0.8,0.2
2,0.1,1,8,0.2439,0.1,0.5359130497884632,1,1,0.8,0.2
2,0.1,1,9,0.31951,0.1,0.5546582022355467,2,0,0.8,0.2
2,0.1,1,10,0.31951,0.09,0.5571269570948839,1,1,0.8,0.2
2,0.1,1,11,0.38755900000000004,0.09,0.5738456859165335,1,1,0.8,0.2
2,0.1,1,12,0.44880310000000007,0.09,0.5887506674733698,2,0,0.8,0.2
2,0.1,1,13,0.44880310000000007,0.081,0.5909280234712607,2,0,0.8,0.2
2,0.1,1,14,0.44880310000000007,0.0729,0.5928846016864187,1,0,0.8,0.2
2,0.1,1,15,0.4039227900000001,0.0729,0.5820082165738625,1,0,0.8,0.2
2,0.1,1,16,0.36353051100000006,0.0729,0.5721504854517437,2,1,0.8,0.2
2,0.1,1,17,0.36353051100000006,0.16561000000000003,0.5493192361633918,2,0,0.8,0.2
2,0.1,1,18,0.36353051100000006,0.14904900000000004,0.5534157638284076,2,0,0.8,0.2
2,0.1,1,19,0.36353051100000006,0.13414410000000004,0.5570964629609962,1,1,0.8,0.2
2,0.1,1,20,0.42717745990000006,0.13414410000000004,0.5727385869439413,2,0,0.8,0.2
2,0.1,1,21,0.42717745990000006,0.12072969000000004,0.5760179661003791,1,1,0.8,0.2
2,0.1,1,22,0.4844597139100001,0.12072969000000004,0.5899430668331236,2,1,0.8,0.2
2,0.1,1,23,0.4844597139100001,0.20865672100000004,0.5685169728223558,1,0,0.8,0.2
2,0.1,1,24,0.43601374251900005,0.20865672100000004,0.5565956735577205,1,1,0.8,0.2
2,0.1,1,25,0.49241236826710005,0.20865672100000004,0.5704667293924675,1,1,0.8,0.2
2,0.1,1,26,0.5431711314403901,0.20865672100000004,0.5828573953049704,1,0,0.8,0.2
2,0.1,1,27,0.48885401829635106,0.20865672100000004,0.5695945933361222,1,0,0.8,0.2
2,0.1,1,28,0.4399686164667159,0.20865672100000004,0.5575715046145371,1,1,0.8,0.2
2,0.1,1,29,0.49597175482004435,0.20865672100000004,0.5713386820610931,1,1,0.8,0.2
2,0.1,1,30,0.5463745793380399,0.20865672100000004,0.5836360571493072,2,0,0.8,0.2
2,0.1,1,31,0.5463745793380399,0.18779104890000003,0.5886975035264823,1,1,0.8,0.2
2,0.1,1,32,0.591737121404236,0.18779104890000003,0.5996353761375075,2,0,0.8,0.2
2,0.1,1,33,0.591737121404236,0.16901194401000003,0.6041351766264558,1,1,0.8,0.2
2,0.1,1,34,0.6325634092638124,0.16901194401000003,0.6138563435115747,2,0,0.8,0.2
2,0.1,1,35,0.6325634092638124,0.15211074960900003,0.6178547580564238,1,1,0.8,0.2
2,0.1,1,36,0.6693070683374311,0.15211074960900003,0.6264919385002353,1,1,0.8,0.2
2,0.1,1,37,0.702376361503688,0.15211074960900003,0.6341972128046754,1,1,0.8,0.2
2,0.1,1,38,0.7321387253533191,0.15211074960900003,0.6410738435278129,1,1,0.8,0.2
2,0.1,1,39,0.7589248528179873,0.15211074960900003,0.6472137138730046,1,0,0.8,0.2
2,0.1,1,40,0.6830323675361886,0.15211074960900003,0.6296980390537303,2,0,0.8,0.2
2,0.1,1,41,0.6830323675361886,0.13689967464810004,0.6332378816400681,1,1,0.8,0.2
2,0.1,1,42,0.7147291307825697,0.13689967464810004,0.6405678114435461,2,0,0.8,0.2
2,0.1,1,43,0.7147291307825697,0.12320970718329004,0.6437136960299036,1,0,0.8,0.2
2,0.1,1,44,0.6432562177043127,0.12320970718329004,0.6271586419642619,1,0,0.8,0.2
2,0.1,1,45,0.5789305959338815,0.12320970718329004,0.6119985624075228,2,1,0.8,0.2
2,0.1,1,46,0.5789305959338815,0.21088873646496104,0.5909857380445226,1,1,0.8,0.2
2,0.1,1,47,0.6210375363404934,0.21088873646496104,0.6011235577304056,2,0,0.8,0.2
2,0.1,1,48,0.6210375363404934,0.18979986281846492,0.6061691746805703,2,0,0.8,0.2
2,0.1,1,49,0.6210375363404934,0.17081987653661843,0.610690983271389,2,0,0.8,0.2
2,0.1,1,50,0.6210375363404934,0.15373788888295659,0.6147444203456605,1,1,0.8,0.2
3,0.1,1.5,1,0,0,0.5,1,1,0.8,0.2
3,0.1,1.5,2,0.1,0,0.5374298453437496,1,1,0.8,0.2
3,0.1,1.5,3,0.19,0,0.5707716118944918,2,0,0.8,0.2
3,0.1,1.5,4,0.19,0,0.5707716118944918,1,1,0.8,0.2
3,0.1,1.5,5,0.271,0,0.6002483483305081,2,0,0.8,0.2
3,0.1,1.5,6,0.271,0,0.6002483483305081,1,0,0.8,0.2
3,0.1,1.5,7,0.2439,0,0.5904558128068967,1,0,0.8,0.2
3,0.1,1.5,8,0.21951,0,0.5815805292802164,2,0,0.8,0.2
3,0.1,1.5,9,0.21951,0,0.5815805292802164,2,0,0.8,0.2
3,0.1,1.5,10,0.21951,0,0.5815805292802164,1,1,0.8,0.2
3,0.1,1.5,11,0.297559,0,0.6097683276815299,2,0,0.8,0.2
3,0.1,1.5,12,0.297559,0,0.6097683276815299,1,1,0.8,0.2
3,0.1,1.5,13,0.36780310000000005,0,0.6345309923338882,1,0,0.8,0.2
3,0.1,1.5,14,0.33102279000000007,0,0.6216445067977774,2,0,0.8,0.2
3,0.1,1.5,15,0.33102279000000007,0,0.6216445067977774,1,1,0.8,0.2
3,0.1,1.5,16,0.3979205110000001,0,0.6449423509619668,2,0,0.8,0.2
3,0.1,1.5,17,0.3979205110000001,0,0.6449423509619668,1,1,0.8,0.2
3,0.1,1.5,18,0.45812845990000006,0,0.6653421359381213,2,0,0.8,0.2
3,0.1,1.5,19,0.45812845990000006,0,0.6653421359381213,1,1,0.8,0.2
3,0.1,1.5,20,0.51231561391,0,0.6831905715346781,1,1,0.8,0.2
3,0.1,1.5,21,0.5610840525190001,0,0.6988075764255508,1,1,0.8,0.2
3,0.1,1.5,22,0.6049756472671001,0,0.712480830134861,1,1,0.8,0.2
3,0.1,1.5,23,0.6444780825403901,0,0.7244646675725896,1,0,0.8,0.2
3,0.1,1.5,24,0.580030274286351,0,0.7047551470841219,2,0,0.8,0.2
3,0.1,1.5,25,0.580030274286351,0,0.7047551470841219,1,1,0.8,0.2
3,0.1,1.5,26,0.6220272468577159,0,0.7176918047113079,2,0,0.8,0.2
3,0.1,1.5,27,0.6220272468577159,0,0.7176918047113079,2,0,0.8,0.2
3,0.1,1.5,28,0.6220272468577159,0,0.7176918047113079,1,1,0.8,0.2
3,0.1,1.5,29,0.6598245221719443,0,0.7290359289794301,1,1,0.8,0.2
3,0.1,1.5,30,0.6938420699547498,0,0.7389972208560585,2,0,0.8,0.2
3,0.1,1.5,31,0.6938420699547498,0,0.7389972208560585,1,1,0.8,0.2
3,0.1,1.5,32,0.7244578629592748,0,0.7477573101147708,2,0,0.8,0.2
3,0.1,1.5,33,0.7244578629592748,0,0.7477573101147708,2,0,0.8,0.2
3,0.1,1.5,34,0.7244578629592748,0,0.7477573101147708,1,0,0.8,0.2
3,0.1,1.5,35,0.6520120766633474,0,0.7267147900826463,1,0,0.8,0.2
3,0.1,1.5,36,0.5868108689970126,0,0.7068670424868487,1,1,0.8,0.2
3,0.1,1.5,37,0.6281297820973114,0,0.7195427579212795,1,1,0.8,0.2
3,0.1,1.5,38,0.6653168038875803,0,0.730660293734148,1,1,0.8,0.2
3,0.1,1.5,39,0.6987851234988223,0,0.7404248112206678,2,1,0.8,0.2
3,0.1,1.5,40,0.6987851234988223,0.1,0.7105748724731444,1,1,0.8,0.2
3,0.1,1.5,41,0.7289066111489401,0.1,0.7197778450473943,1,1,0.8,0.2
3,0.1,1.5,42,0.7560159500340461,0.1,0.727905920954655,1,1,0.8,0.2
3,0.1,1.5,43,0.7804143550306415,0.1,0.7350936487896266,2,0,0.8,0.2
3,0.1,1.5,44,0.7804143550306415,0.09,0.738004294744035,1,1,0.8,0.2
3,0.1,1.5,45,0.8023729195275774,0.09,0.7443228530791611,1,1,0.8,0.2
3,0.1,1.5,46,0.8221356275748196,0.09,0.7499233332949714,1,1,0.8,0.2
3,0.1,1.5,47,0.8399220648173377,0.09,0.7548933570647862,1,1,0.8,0.2
3,0.1,1.5,48,0.8559298583356039,0.09,0.7593089874771498,2,0,0.8,0.2
3,0.1,1.5,49,0.8559298583356039,0.081,0.761767587847124,1,1,0.8,0.2
3,0.1,1.5,50,0.8703368725020435,0.081,0.7656672045485687,2,0,0.8,0.2
4,0.1,2,1,0,0,0.5,2,0,0.8,0.2
4,0.1,2,2,0,0,0.5,1,1,0.8,0.2
4,0.1,2,3,0.1,0,0.549833997312478,1,1,0.8,0.2
4,0.1,2,4,0.19,0,0.5938731029341427,1,1,0.8,0.2
4,0.1,2,5,0.271,0,0.6322775459347753,1,0,0.8,0.2
4,0.1,2,6,0.2439,0,0.6195880317942478,1,1,0.8,0.2
4,0.1,2,7,0.31951,0,0.6545318966829218,1,1,0.8,0.2
4,0.1,2,8,0.38755900000000004,0,0.6846269785981657,2,0,0.8,0.2
4,0.1,2,9,0.38755900000000004,0,0.6846269785981657,1,1,0.8,0.2
4,0.1,2,10,0.44880310000000007,0,0.7104573276902838,2,0,0.8,0.2
4,0.1,2,11,0.44880310000000007,0,0.7104573276902838,2,1,0.8,0.2
4,0.1,2,12,0.44880310000000007,0.1,0.667656822381045,1,1,0.8,0.2
4,0.1,2,13,0.5039227900000001,0.1,0.6916502205463071,2,0,0.8,0.2
4,0.1,2,14,0.5039227900000001,0.09,0.695899196430706,1,1,0.8,0.2
4,0.1,2,15,0.5535305110000001,0.09,0.7164786503610385,1,1,0.8,0.2
4,0.1,2,16,0.5981774599,0.09,0.7342619741715805,2,0,0.8,0.2
4,0.1,2,17,0.5981774599,0.081,0.7377593163410245,1,1,0.8,0.2
4,0.1,2,18,0.63835971391,0.081,0.7530079113485725,1,1,0.8,0.2
4,0.1,2,19,0.674523742519,0.081,0.7662125934589195,1,1,0.8,0.2
4,0.1,2,20,0.7070713682671,0.081,0.7776705587229216,2,0,0.8,0.2
4,0.1,2,21,0.7070713682671,0.0729,0.7804589197456304,1,1,0.8,0.2
4,0.1,2,22,0.73636423144039,0.0729,0.7903321126560019,1,1,0.8,0.2
4,0.1,2,23,0.762727808296351,0.0729,0.7989356850701286,1,1,0.8,0.2
4,0.1,2,24,0.7864550274667159,0.0729,0.8064506294403413,1,1,0.8,0.2
4,0.1,2,25,0.8078095247200443,0.0729,0.8130298808803471,1,1,0.8,0.2
4,0.1,2,26,0.8270285722480398,0.0729,0.8188027721114491,1,0,0.8,0.2
4,0.1,2,27,0.7443257150232359,0.0729,0.7929584669937219,1,1,0.8,0.2
4,0.1,2,28,0.7698931435209123,0.0729,0.801227868691033,1,1,0.8,0.2
4,0.1,2,29,0.7929038291688211,0.0729,0.8084558373731818,1,1,0.8,0.2
4,0.1,2,30,0.813613446251939,0.0729,0.8147880076555255,1,1,0.8,0.2
4,0.1,2,31,0.8322521016267451,0.0729,0.8203475886751485,1,1,0.8,0.2
4,0.1,2,32,0.8490268914640706,0.0729,0.8252390097749014,1,1,0.8,0.2
4,0.1,2,33,0.8641242023176635,0.0729,0.8295509923387936,1,1,0.8,0.2
4,0.1,2,34,0.8777117820858972,0.0729,0.8333591167012522,1,1,0.8,0.2
4,0.1,2,35,0.8899406038773074,0.0729,0.8367279565459611,2,0,0.8,0.2
4,0.1,2,36,0.8899406038773074,0.06561,0.8387100267236699,1,1,0.8,0.2
4,0.1,2,37,0.9009465434895767,0.06561,0.841665540490847,2,1,0.8,0.2
4,0.1,2,38,0.9009465434895767,0.159049,0.8151451219675383,1,1,0.8,0.2
4,0.1,2,39,0.910851889140619,0.159049,0.8181116495303522,1,1,0.8,0.2
4,0.1,2,40,0.919766700226557,0.159049,0.8207497533616543,1,1,0.8,0.2
4,0.1,2,41,0.9277900302039014,0.159049,0.8230983927319561,1,1,0.8,0.2
4,0.1,2,42,0.9350110271835113,0.159049,0.8251914513583909,1,1,0.8,0.2
4,0.1,2,43,0.9415099244651601,0.159049,0.8270584722267126,1,0,0.8,0.2
4,0.1,2,44,0.8473589320186441,0.159049,0.7984475869303415,2,0,0.8,0.2
4,0.1,2,45,0.8473589320186441,0.1431441,0.8035181422753052,2,1,0.8,0.2
4,0.1,2,46,0.8473589320186441,0.22882969,0.7750515858474739,1,1,0.8,0.2
4,0.1,2,47,0.8626230388167797,0.22882969,0.7803293504603472,1,1,0.8,0.2
4,0.1,2,48,0.8763607349351017,0.22882969,0.7850027679334264,1,1,0.8,0.2
4,0.1,2,49,0.8887246614415916,0.22882969,0.7891467563690671,1,1,0.8,0.2
4,0.1,2,50,0.8998521952974324,0.22882969,0.7928260415308044,1,1,0.8,0.2
5,0.1,2.5,1,0,0,0.5,2,0,0.8,0.2
5,0.1,2.5,2,0,0,0.5,1,1,0.8,0.2
5,0.1,2.5,3,0.1,0,0.5621765008857981,1,1,0.8,0.2
5,0.1,2.5,4,0.19,0,0.6165665045213193,1,1,0.8,0.2
5,0.1,2.5,5,0.271,0,0.6631804950993565,1,0,0.8,0.2
5,0.1,2.5,6,0.2439,0,0.6478837715918933,1,1,0.8,0.2
5,0.1,2.5,7,0.31951,0,0.6897123807864903,1,1,0.8,0.2
5,0.1,2.5,8,0.38755900000000004,0,0.7248996916215459,1,0,0.8,0.2
5,0.1,2.5,9,0.34880310000000003,0,0.705163297203987,2,0,0.8,0.2
5,0.1,2.5,10,0.34880310000000003,0,0.705163297203987,1,1,0.8,0.2
5,0.1,2.5,11,0.41392279000000004,0,0.7378467662893443,1,1,0.8,0.2
5,0.1,2.5,12,0.47253051100000004,0,0.7651861881859883,2,0,0.8,0.2
5,0.1,2.5,13,0.47253051100000004,0,0.7651861881859883,1,1,0.8,0.2
5,0.1,2.5,14,0.5252774599000001,0,0.7880470783333634,1,1,0.8,0.2
5,0.1,2.5,15,0.5727497139100001,0,0.80719318306992,2,1,0.8,0.2
5,0.1,2.5,16,0.5727497139100001,0.1,0.76528463778808975,1,1,0.8,0.2
5,0.1,2.5,17,0.615474742519,0.1,0.7839248430509346,2,1,0.8,0.2
5,0.1,2.5,18,0.615474742519,0.19,0.7433944776796344,1,0,0.8,0.2
5,0.1,2.5,19,0.5539272682671,0.19,0.7129629534057972,1,1,0.8,0.2
5,0.1,2.5,20,0.59853454144039,0.19,0.7352328231973779,1,1,0.8,0.2
5,0.1,2.5,21,0.638681087296351,0.19,0.7543044165914776,2,0,0.8,0.2
5,0.1,2.5,22,0.638681087296351,0.17099999999999999,0.7630008730675149,1,1,0.8,0.2
5,0.1,2.5,23,0.6748129785667158,0.17099999999999999,0.7789456105340089,2,0,0.8,0.2
5,0.1,2.5,24,0.6748129785667158,0.15389999999999998,0.7862188644248951,1,1,0.8,0.2
5,0.1,2.5,25,0.7073316807100443,0.15389999999999998,0.7995652206233518,1,1,0.8,0.2
5,0.1,2.5,26,0.7365985126390399,0.15389999999999998,0.8110345225331048,1,0,0.8,0.2
5,0.1,2.5,27,0.6629386613751359,0.15389999999999998,0.7811869281073408,1,1,0.8,0.2
5,0.1,2.5,28,0.6966447952376223,0.15389999999999998,0.7952492152028712,1,1,0.8,0.2
5,0.1,2.5,29,0.7269803157138601,0.15389999999999998,0.8073217812496624,2,0,0.8,0.2
5,0.1,2.5,30,0.7269803157138601,0.13851,0.8132360344309816,1,0,0.8,0.2
5,0.1,2.5,31,0.6542822841424741,0.13851,0.7840508154119413,1,1,0.8,0.2
5,0.1,2.5,32,0.6888540557282268,0.13851,0.7983252974408511,1,1,0.8,0.2
5,0.1,2.5,33,0.7199686501554041,0.13851,0.8105590188392532,1,1,0.8,0.2
5,0.1,2.5,34,0.7479717851398637,0.13851,0.8210759885880393,1,1,0.8,0.2
5,0.1,2.5,35,0.7731746066258773,0.13851,0.8301458832700456,1,0,0.8,0.2
5,0.1,2.5,36,0.6958571459632896,0.13851,0.8011293593389618,1,0,0.8,0.2
5,0.1,2.5,37,0.6262714313669606,0.13851,0.7719585732759351,1,1,0.8,0.2
5,0.1,2.5,38,0.6636442882302646,0.13851,0.7879872876602095,2,0,0.8,0.2
5,0.1,2.5,39,0.6636442882302646,0.12465899999999999,0.7937145863511729,1,0,0.8,0.2
5,0.1,2.5,40,0.5972798594072382,0.12465899999999999,0.7652267694206413,1,1,0.8,0.2
5,0.1,2.5,41,0.6375518734665143,0.12465899999999999,0.7828295038993308,1,1,0.8,0.2
5,0.1,2.5,42,0.6737966861198629,0.12465899999999999,0.7978392906859089,1,1,0.8,0.2
5,0.1,2.5,43,0.7064170175078766,0.12465899999999999,0.8106739140884055,1,1,0.8,0.2
5,0.1,2.5,44,0.7357753157570889,0.12465899999999999,0.8216828503639798,1,1,0.8,0.2
5,0.1,2.5,45,0.76219778418138,0.12465899999999999,0.8311566552666104,1,1,0.8,0.2
5,0.1,2.5,46,0.785978005763242,0.12465899999999999,0.8393362210324797,2,0,0.8,0.2
5,0.1,2.5,47,0.785978005763242,0.11219309999999999,0.8434945047559123,1,1,0.8,0.2
5,0.1,2.5,48,0.8073802051869178,0.11219309999999999,0.8504287495952877,1,0,0.8,0.2
5,0.1,2.5,49,0.726642184668226,0.11219309999999999,0.8229003745179578,2,0,0.8,0.2
5,0.1,2.5,50,0.726642184668226,0.10097379,0.8269510479527533,1,1,0.8,0.2
6,0.3,0.5,1,0,0,0.5,1,1,0.8,0.2
6,0.3,0.5,2,0.3,0,0.5374298453437496,2,0,0.8,0.2
6,0.3,0.5,3,0.3,0,0.5374298453437496,2,0,0.8,0.2
6,0.3,0.5,4,0.3,0,0.5374298453437496,1,1,0.8,0.2
6,0.3,0.5,5,0.51,0,0.5634067862621936,2,0,0.8,0.2
6,0.3,0.5,6,0.51,0,0.5634067862621936,1,1,0.8,0.2
6,0.3,0.5,7,0.657,0,0.5813943590383872,1,1,0.8,0.2
6,0.3,0.5,8,0.7599,0,0.593861043485515,2,0,0.8,0.2
6,0.3,0.5,9,0.7599,0,0.593861043485515,1,1,0.8,0.2
6,0.3,0.5,10,0.8319300000000001,0,0.6025173077808383,1,1,0.8,0.2
6,0.3,0.5,11,0.882351,0,0.6085390931930897,1,1,0.8,0.2
6,0.3,0.5,12,0.9176457,0,0.6127348863163142,1,1,0.8,0.2
6,0.3,0.5,13,0.94235199,0,0.6156620608407272,1,1,0.8,0.2
6,0.3,0.5,14,0.959646393,0,0.617706124328277,1,1,0.8,0.2
6,0.3,0.5,15,0.9717524751,0,0.6191344992812241,1,1,0.8,0.2
6,0.3,0.5,16,0.9802267325699999,0,0.6201331381790947,1,1,0.8,0.2
6,0.3,0.5,17,0.9861587127989999,0,0.6208315812478741,1,1,0.8,0.2
6,0.3,0.5,18,0.9903110989592999,0,0.6213201937826439,1,1,0.8,0.2
6,0.3,0.5,19,0.99321776927151,0,0.6216620761877115,1,1,0.8,0.2
6,0.3,0.5,20,0.995252438490057,0,0.621901321965908,1,1,0.8,0.2
6,0.3,0.5,21,0.9966767069430399,0,0.6220687587138614,2,0,0.8,0.2
6,0.3,0.5,22,0.9966767069430399,0,0.6220687587138614,1,1,0.8,0.2
6,0.3,0.5,23,0.9976736948601279,0,0.6221859471203611,1,1,0.8,0.2
6,0.3,0.5,24,0.9983715864020896,0,0.6222679705121296,1,1,0.8,0.2
6,0.3,0.5,25,0.9988601104814627,0,0.6223253827223612,1,1,0.8,0.2
6,0.3,0.5,26,0.9992020773370239,0,0.6223655692282883,2,0,0.8,0.2
6,0.3,0.5,27,0.9992020773370239,0,0.6223655692282883,1,1,0.8,0.2
6,0.3,0.5,28,0.9994414541359168,0,0.622393698781933,1,1,0.8,0.2
6,0.3,0.5,29,0.9996090178951418,0,0.6224133889791347,1,1,0.8,0.2
6,0.3,0.5,30,0.9997263125265993,0,0.6224271718768692,2,0,0.8,0.2
6,0.3,0.5,31,0.9997263125265993,0,0.6224271718768692,1,1,0.8,0.2
6,0.3,0.5,32,0.9998084187686195,0,0.6224368197875213,1,1,0.8,0.2
6,0.3,0.5,33,0.9998658931380336,0,0.6224435732672702,1,1,0.8,0.2
6,0.3,0.5,34,0.9999061251966236,0,0.6224483006748162,1,0,0.8,0.2
6,0.3,0.5,35,0.6999342876376365,0,0.5866096113563087,2,0,0.8,0.2
6,0.3,0.5,36,0.6999342876376365,0,0.5866096113563087,1,1,0.8,0.2
6,0.3,0.5,37,0.7899540013463455,0,0.5974802345564247,2,0,0.8,0.2
6,0.3,0.5,38,0.7899540013463455,0,0.5974802345564247,1,0,0.8,0.2
6,0.3,0.5,39,0.5529678009424419,0,0.5686839953419864,2,0,0.8,0.2
6,0.3,0.5,40,0.5529678009424419,0,0.5686839953419864,1,1,0.8,0.2
6,0.3,0.5,41,0.6870774606597093,0,0.5850498659223258,1,1,0.8,0.2
6,0.3,0.5,42,0.7809542224617965,0,0.5963975488344225,1,1,0.8,0.2
6,0.3,0.5,43,0.8466679557232575,0,0.6042807655943611,2,0,0.8,0.2
6,0.3,0.5,44,0.8466679557232575,0,0.6042807655943611,1,1,0.8,0.2
6,0.3,0.5,45,0.8926675690062802,0,0.6097672056241602,1,1,0.8,0.2
6,0.3,0.5,46,0.9248672983043962,0,0.6135913463359884,2,0,0.8,0.2
6,0.3,0.5,47,0.9248672983043962,0,0.6135913463359884,2,0,0.8,0.2
6,0.3,0.5,48,0.9248672983043962,0,0.6135913463359884,2,0,0.8,0.2
6,0.3,0.5,49,0.9248672983043962,0,0.6135913463359884,1,1,0.8,0.2
6,0.3,0.5,50,0.9474071088130773,0,0.6162599626192059,1,1,0.8,0.2
7,0.3,1,1,0,0,0.5,2,1,0.8,0.2
7,0.3,1,2,0,0.3,0.425557483188341,1,1,0.8,0.2
7,0.3,1,3,0.3,0.3,0.5,2,0,0.8,0.2
7,0.3,1,4,0.3,0.21,0.5224848247918001,2,1,0.8,0.2
7,0.3,1,5,0.3,0.44699999999999995,0.46331603487141637,1,1,0.8,0.2
7,0.3,1,6,0.51,0.44699999999999995,0.515744792754246,1,1,0.8,0.2
7,0.3,1,7,0.657,0.44699999999999995,0.5523079095743253,1,0,0.8,0.2
7,0.3,1,8,0.45990000000000003,0.44699999999999995,0.5032249552780568,1,0,0.8,0.2
7,0.3,1,9,0.32193000000000005,0.44699999999999995,0.4687731948460824,2,1,0.8,0.2
7,0.3,1,10,0.32193000000000005,0.6129,0.42776641160996076,2,0,0.8,0.2
7,0.3,1,11,0.32193000000000005,0.42903,0.47325056402972265,2,0,0.8,0.2
7,0.3,1,12,0.32193000000000005,0.30032100000000006,0.5054020397952661,1,0,0.8,0.2
7,0.3,1,13,0.22535100000000002,0.30032100000000006,0.48126627358867985,2,0,0.8,0.2
7,0.3,1,14,0.22535100000000002,0.21022470000000004,0.5037815028980592,1,0,0.8,0.2
7,0.3,1,15,0.15774570000000002,0.21022470000000004,0.4868832602032853,1,1,0.8,0.2
7,0.3,1,16,0.41042199,0.21022470000000004,0.5498828293768453,1,1,0.8,0.2
7,0.3,1,17,0.587295393,0.21022470000000004,0.593166395877339,1,1,0.8,0.2
7,0.3,1,18,0.7111067751,0.21022470000000004,0.6226665997225574,1,1,0.8,0.2
7,0.3,1,19,0.79777474257,0.21022470000000004,0.6428028144650797,2,0,0.8,0.2
7,0.3,1,20,0.79777474257,0.14715729000000005,0.6571495907066311,2,0,0.8,0.2
7,0.3,1,21,0.79777474257,0.10301010300000005,0.6670260050547079,1,1,0.8,0.2
7,0.3,1,22,0.858442319799,0.10301010300000005,0.6803611981424286,2,1,0.8,0.2
7,0.3,1,23,0.858442319799,0.37210707210000005,0.6192427311537093,2,0,0.8,0.2
7,0.3,1,24,0.858442319799,0.26047495047,0.6451911348005607,2,1,0.8,0.2
7,0.3,1,25,0.858442319799,0.482332465329,0.592934505561003,2,0,0.8,0.2
7,0.3,1,26,0.858442319799,0.3376327257303,0.6273370569881962,2,0,0.8,0.2
7,0.3,1,27,0.858442319799,0.23634290801121,0.6506958762977921,1,1,0.8,0.2
7,0.3,1,28,0.9009096238593,0.23634290801121,0.6602854904851333,2,0,0.8,0.2
7,0.3,1,29,0.9009096238593,0.16544003560784698,0.6760043865973886,1,1,0.8,0.2
7,0.3,1,30,0.9306367367015099,0.16544003560784698,0.6824809289897457,2,0,0.8,0.2
7,0.3,1,31,0.9306367367015099,0.11580802492549289,0.6931375178858745,1,0,0.8,0.2
7,0.3,1,32,0.6514457156910569,0.11580802492549289,0.6307970511958358,1,0,0.8,0.2
7,0.3,1,33,0.45601200098373984,0.11580802492549289,0.5842400703076208,1,1,0.8,0.2
7,0.3,1,34,0.6192084006886178,0.11580802492549289,0.6232580987464305,2,1,0.8,0.2
7,0.3,1,35,0.6192084006886178,0.38106561744784495,0.5592559167606493,2,0,0.8,0.2
7,0.3,1,36,0.6192084006886178,0.26674593221349147,0.5872145934671357,2,0,0.8,0.2
7,0.3,1,37,0.6192084006886178,0.18672215254944402,0.6064672049888992,1,1,0.8,0.2
7,0.3,1,38,0.7334458804820325,0.18672215254944402,0.6333751373375646,2,0,0.8,0.2
7,0.3,1,39,0.7334458804820325,0.13070550678461082,0.6462830099980246,2,1,0.8,0.2
7,0.3,1,40,0.7334458804820325,0.3914938547492276,0.5846646152601754,2,0,0.8,0.2
7,0.3,1,41,0.7334458804820325,0.27404569832445935,0.6128718730324151,1,0,0.8,0.2
7,0.3,1,42,0.5134121163374228,0.27404569832445935,0.5595575070441565,2,0,0.8,0.2
7,0.3,1,43,0.5134121163374228,0.19183198882712155,0.5797092929894901,2,1,0.8,0.2
7,0.3,1,44,0.5134121163374228,0.43428239217898507,0.5197721151693587,1,1,0.8,0.2
7,0.3,1,45,0.6593884814361959,0.43428239217898507,0.5560400798422904,1,0,0.8,0.2
7,0.3,1,46,0.46157193700533716,0.43428239217898507,0.5068219628412514,1,1,0.8,0.2
7,0.3,1,47,0.623100355903736,0.43428239217898507,0.5470647437184889,1,0,0.8,0.2
7,0.3,1,48,0.43617024913261526,0.43428239217898507,0.5004719640982341,2,0,0.8,0.2
7,0.3,1,49,0.43617024913261526,0.3039976745252896,0.5329951233600096,2,0,0.8,0.2
7,0.3,1,50,0.43617024913261526,0.2127983721677027,0.5556119315440721,2,0,0.8,0.2
8,0.3,1.5,1,0,0,0.5,1,1,0.8,0.2
8,0.3,1.5,2,0.3,0,0.610639233949222,1,1,0.8,0.2
8,0.3,1.5,3,0.51,0,0.6824383021930648,1,1,0.8,0.2
8,0.3,1.5,4,0.657,0,0.7281981723541074,1,1,0.8,0.2
8,0.3,1.5,5,0.7599,0,0.7576520977586874,1,1,0.8,0.2
8,0.3,1.5,6,0.8319300000000001,0,0.7769352629107846,1,1,0.8,0.2
8,0.3,1.5,7,0.882351,0,0.7897678258922831,2,0,0.8,0.2
8,0.3,1.5,8,0.882351,0,0.7897678258922831,1,0,0.8,0.2
8,0.3,1.5,9,0.6176457,0,0.7163582819453304,1,0,0.8,0.2
8,0.3,1.5,10,0.43235199,0,0.656678670832974,1,1,0.8,0.2
8,0.3,1.5,11,0.602646393,0,0.711764570892726,1,1,0.8,0.2
8,0.3,1.5,12,0.7218524751,0,0.7470194686477054,1,1,0.8,0.2
8,0.3,1.5,13,0.80529673257,0,0.769935156028954,1,0,0.8,0.2
8,0.3,1.5,14,0.563707712799,0,0.699635252280356,2,1,0.8,0.2
8,0.3,1.5,15,0.563707712799,0.3,0.5976208138713066,1,1,0.8,0.2
8,0.3,1.5,16,0.6945953989593,0.3,0.6437993923961977,2,0,0.8,0.2
8,0.3,1.5,17,0.6945953989593,0.21,0.6741231144873229,1,1,0.8,0.2
8,0.3,1.5,18,0.78621677927151,0.21,0.7035635132843837,2,0,0.8,0.2
8,0.3,1.5,19,0.78621677927151,0.147,0.7228865227192295,1,1,0.8,0.2
8,0.3,1.5,20,0.850351745490057,0.147,0.7417391705758921,1,1,0.8,0.2
8,0.3,1.5,21,0.8952462218430399,0.147,0.7544279388258885,1,1,0.8,0.2
8,0.3,1.5,22,0.9266723552901279,0.147,0.7630561692561842,2,0,0.8,0.2
8,0.3,1.5,23,0.9266723552901279,0.10289999999999999,0.7748074151172837,1,1,0.8,0.2
8,0.3,1.5,24,0.9486706487030896,0.10289999999999999,0.7805125858513244,1,1,0.8,0.2
8,0.3,1.5,25,0.9640694540921627,0.10289999999999999,0.7844439545370576,1,1,0.8,0.2
8,0.3,1.5,26,0.9748486178645139,0.10289999999999999,0.7871653788087375,1,0,0.8,0.2
8,0.3,1.5,27,0.6823940325051598,0.10289999999999999,0.7045877514953649,1,0,0.8,0.2
8,0.3,1.5,28,0.47767582275361187,0.10289999999999999,0.6369530386425576,2,1,0.8,0.2
8,0.3,1.5,29,0.47767582275361187,0.37202999999999997,0.53953448452207,1,1,0.8,0.2
8,0.3,1.5,30,0.6343730759275283,0.37202999999999997,0.5971284839587506,2,0,0.8,0.2
8,0.3,1.5,31,0.6343730759275283,0.260421,0.6366672607189979,1,1,0.8,0.2
8,0.3,1.5,32,0.7440611531492698,0.260421,0.6738082617526054,1,1,0.8,0.2
8,0.3,1.5,33,0.8208428072044889,0.260421,0.6985984554758613,2,1,0.8,0.2
8,0.3,1.5,34,0.8208428072044889,0.48229469999999997,0.6242957995182866,1,1,0.8,0.2
8,0.3,1.5,35,0.8745899650431422,0.48229469999999997,0.6430077943908586,2,0,0.8,0.2
8,0.3,1.5,36,0.8745899650431422,0.33760629,0.691144526345345,1,0,0.8,0.2
8,0.3,1.5,37,0.6122129755301996,0.33760629,0.60154577925194,2,0,0.8,0.2
8,0.3,1.5,38,0.6122129755301996,0.236324403,0.6373389251815293,2,0,0.8,0.2
8,0.3,1.5,39,0.6122129755301996,0.1654270821,0.6615432033466915,1,1,0.8,0.2
8,0.3,1.5,40,0.7285490828711397,0.1654270821,0.6994505925500152,1,1,0.8,0.2
8,0.3,1.5,41,0.8099843580097978,0.1654270821,0.7244883792897797,1,1,0.8,0.2
8,0.3,1.5,42,0.8669890506068585,0.1654270821,0.7412245565530101,2,0,0.8,0.2
8,0.3,1.5,43,0.8669890506068585,0.11579895747000002,0.7552451201517267,1,1,0.8,0.2
8,0.3,1.5,44,0.906892335424801,0.11579895747000002,0.7661396043898787,1,1,0.8,0.2
8,0.3,1.5,45,0.9348246347973607,0.11579895747000002,0.7735626780267494,1,1,0.8,0.2
8,0.3,1.5,46,0.9543772443581524,0.11579895747000002,0.778658779350552,1,1,0.8,0.2
8,0.3,1.5,47,0.9680640710507067,0.11579895747000002,0.7821769010317299,1,1,0.8,0.2
8,0.3,1.5,48,0.9776448497354947,0.11579895747000002,0.784615475076074,1,1,0.8,0.2
8,0.3,1.5,49,0.9843513948148463,0.11579895747000002,0.7863106563055329,1,1,0.8,0.2
8,0.3,1.5,50,0.9890459763703925,0.11579895747000002,0.7874914897790711,2,0,0.8,0.2
9,0.3,2,1,0,0,0.5,1,1,0.8,0.2
9,0.3,2,2,0.3,0,0.6456563062257954,1,1,0.8,0.2
9,0.3,2,3,0.51,0,0.7349725994665188,1,1,0.8,0.2
9,0.3,2,4,0.657,0,0.7881817308304386,1,1,0.8,0.2
9,0.3,2,5,0.7599,0,0.8205090276881217,1,1,0.8,0.2
9,0.3,2,6,0.8319300000000001,0,0.8407554818701397,1,0,0.8,0.2
9,0.3,2,7,0.5823510000000001,0,0.7621860426206927,1,1,0.8,0.2
9,0.3,2,8,0.7076457,0,0.8045991950529043,1,1,0.8,0.2
9,0.3,2,9,0.79535199,0,0.8307151250675908,1,1,0.8,0.2
9,0.3,2,10,0.856746393,0,0.8472887660100675,1,0,0.8,0.2
9,0.3,2,11,0.5997224751,0,0.7684260285089501,2,0,0.8,0.2
9,0.3,2,12,0.5997224751,0,0.7684260285089501,1,1,0.8,0.2
9,0.3,2,13,0.71980573257,0,0.8083944773791053,2,0,0.8,0.2
9,0.3,2,14,0.71980573257,0,0.8083944773791053,1,1,0.8,0.2
9,0.3,2,15,0.803864012799,0,0.8330957136741935,1,0,0.8,0.2
9,0.3,2,16,0.5627048089593,0,0.7549907657851177,1,1,0.8,0.2
9,0.3,2,17,0.69389336627151,0,0.800238672526986,2,0,0.8,0.2
9,0.3,2,18,0.69389336627151,0,0.800238672526986,1,1,0.8,0.2
9,0.3,2,19,0.785725356390057,0,0.8279903205104505,1,1,0.8,0.2
9,0.3,2,20,0.8500077494730399,0,0.8455367591570545,1,1,0.8,0.2
9,0.3,2,21,0.895005424631128,0,0.8569286066659929,1,0,0.8,0.2
9,0.3,2,22,0.6265037972417896,0,0.777820055939695,2,0,0.8,0.2
9,0.3,2,23,0.6265037972417896,0,0.777820055939695,2,0,0.8,0.2
9,0.3,2,24,0.6265037972417896,0,0.777820055939695,1,1,0.8,0.2
9,0.3,2,25,0.7385526580692527,0,0.8141349576242474,1,1,0.8,0.2
9,0.3,2,26,0.8169868606484769,0,0.8367132718291054,2,0,0.8,0.2
9,0.3,2,27,0.8169868606484769,0,0.8367132718291054,1,1,0.8,0.2
9,0.3,2,28,0.8718908024539338,0,0.8511667628355782,1,1,0.8,0.2
9,0.3,2,29,0.9103235617177536,0,0.8606437586011058,1,1,0.8,0.2
9,0.3,2,30,0.9372264932024276,0,0.8669726848138298,1,1,0.8,0.2
9,0.3,2,31,0.9560585452416993,0,0.8712568051795042,1,1,0.8,0.2
9,0.3,2,32,0.9692409816691895,0,0.8741852764642883,2,0,0.8,0.2
9,0.3,2,33,0.9692409816691895,0,0.8741852764642883,1,1,0.8,0.2
9,0.3,2,34,0.9784686871684326,0,0.8762011236957439,1,1,0.8,0.2
9,0.3,2,35,0.9849280810179029,0,0.8775956627240328,1,1,0.8,0.2
9,0.3,2,36,0.989449656712532,0,0.8785637793694048,1,1,0.8,0.2
9,0.3,2,37,0.9926147596987724,0,0.8792375288435074,1,1,0.8,0.2
9,0.3,2,38,0.9948303317891407,0,0.8797072327584147,1,1,0.8,0.2
9,0.3,2,39,0.9963812322523985,0,0.8800350864295966,1,1,0.8,0.2
9,0.3,2,40,0.9974668625766789,0,0.8802641245712549,1,1,0.8,0.2
9,0.3,2,41,0.9982268038036752,0,0.8804242263965036,2,0,0.8,0.2
9,0.3,2,42,0.9982268038036752,0,0.8804242263965036,1,1,0.8,0.2
9,0.3,2,43,0.9987587626625727,0,0.8805361875703922,1,1,0.8,0.2
9,0.3,2,44,0.9991311338638009,0,0.8806145064702411,2,0,0.8,0.2
9,0.3,2,45,0.9991311338638009,0,0.8806145064702411,2,0,0.8,0.2
9,0.3,2,46,0.9991311338638009,0,0.8806145064702411,1,1,0.8,0.2
9,0.3,2,47,0.9993917937046607,0,0.8806693032883636,1,0,0.8,0.2
9,0.3,2,48,0.6995742555932625,0,0.8020487353759107,1,1,0.8,0.2
9,0.3,2,49,0.7897019789152837,0,0.8291200873072735,2,0,0.8,0.2
9,0.3,2,50,0.7897019789152837,0,0.8291200873072735,1,1,0.8,0.2
10,0.3,2.5,1,0,0,0.5,2,0,0.8,0.2
10,0.3,2.5,2,0,0,0.5,2,0,0.8,0.2
10,0.3,2.5,3,0,0,0.5,2,0,0.8,0.2
10,0.3,2.5,4,0,0,0.5,2,0,0.8,0.2
10,0.3,2.5,5,0,0,0.5,1,1,0.8,0.2
10,0.3,2.5,6,0.3,0,0.679178699175393,1,1,0.8,0.2
10,0.3,2.5,7,0.51,0,0.7815974639023655,2,1,0.8,0.2
10,0.3,2.5,8,0.51,0.3,0.6283161882953663,1,1,0.8,0.2
10,0.3,2.5,9,0.657,0.3,0.7094058152553435,1,1,0.8,0.2
10,0.3,2.5,10,0.7599,0.3,0.7594652504656151,2,0,0.8,0.2
10,0.3,2.5,11,0.7599,0.21,0.7981465035761298,1,1,0.8,0.2
10,0.3,2.5,12,0.8319300000000001,0.21,0.8256095195911609,1,0,0.8,0.2
10,0.3,2.5,13,0.5823510000000001,0.21,0.7172532773032129,2,0,0.8,0.2
10,0.3,2.5,14,0.5823510000000001,0.147,0.7480760711678873,1,1,0.8,0.2
10,0.3,2.5,15,0.7076457,0.147,0.8024399207061974,1,1,0.8,0.2
10,0.3,2.5,16,0.79535199,0.147,0.8349164533649843,1,1,0.8,0.2
10,0.3,2.5,17,0.856746393,0.147,0.8549997837854595,1,0,0.8,0.2
10,0.3,2.5,18,0.5997224751,0.147,0.7561720705991943,2,0,0.8,0.2
10,0.3,2.5,19,0.5997224751,0.10289999999999999,0.7759217207017504,1,1,0.8,0.2
10,0.3,2.5,20,0.71980573257,0.10289999999999999,0.8237936513179647,1,1,0.8,0.2
10,0.3,2.5,21,0.803864012799,0.10289999999999999,0.8522565196711495,1,1,0.8,0.2
10,0.3,2.5,22,0.8627048089593,0.10289999999999999,0.8698362862359738,1,1,0.8,0.2
10,0.3,2.5,23,0.9038933662715101,0.10289999999999999,0.8810575742147505,1,1,0.8,0.2
10,0.3,2.5,24,0.932725356390057,0.10289999999999999,0.8884061814596362,1,1,0.8,0.2
10,0.3,2.5,25,0.9529077494730399,0.10289999999999999,0.8933112525016236,1,1,0.8,0.2
10,0.3,2.5,26,0.9670354246311279,0.10289999999999999,0.896630931964454,1,1,0.8,0.2
10,0.3,2.5,27,0.9769247972417895,0.10289999999999999,0.8989000295857267,1,1,0.8,0.2
10,0.3,2.5,28,0.9838473580692526,0.10289999999999999,0.9004619920255453,1,1,0.8,0.2
10,0.3,2.5,29,0.9886931506484768,0.10289999999999999,0.9015425598644363,1,0,0.8,0.2
10,0.3,2.5,30,0.6920852054539338,0.10289999999999999,0.8135073318099508,2,0,0.8,0.2
10,0.3,2.5,31,0.6920852054539338,0.07203,0.824933664398623,1,1,0.8,0.2
10,0.3,2.5,32,0.7844596438177537,0.07203,0.8558294460103495,1,1,0.8,0.2
10,0.3,2.5,33,0.8491217506724276,0.07203,0.8746516878521106,1,1,0.8,0.2
10,0.3,2.5,34,0.8943852254706993,0.07203,0.8865412241173795,1,0,0.8,0.2
10,0.3,2.5,35,0.6260696578294895,0.07203,0.7998086967807552,1,1,0.8,0.2
10,0.3,2.5,36,0.7382487604806427,0.07203,0.8409812040176857,1,1,0.8,0.2
10,0.3,2.5,37,0.8167741323364499,0.07203,0.8655136374313404,1,0,0.8,0.2
10,0.3,2.5,38,0.5717418926355149,0.07203,0.7771751543624492,1,1,0.8,0.2
10,0.3,2.5,39,0.7002193248448604,0.07203,0.8278510721819089,1,1,0.8,0.2
10,0.3,2.5,40,0.7901535273914022,0.07203,0.8575769206514611,1,1,0.8,0.2
10,0.3,2.5,41,0.8531074691739815,0.07203,0.8757400624995684,1,1,0.8,0.2
10,0.3,2.5,42,0.8971752284217871,0.07203,0.8872409220749171,1,1,0.8,0.2
10,0.3,2.5,43,0.928022659895251,0.07203,0.8947288820951822,1,0,0.8,0.2
10,0.3,2.5,44,0.6496158619266756,0.07203,0.8090678502524747,1,1,0.8,0.2
10,0.3,2.5,45,0.754731103348673,0.07203,0.8464146275595426,1,1,0.8,0.2
10,0.3,2.5,46,0.828311772344071,0.07203,0.8688358284546648,1,0,0.8,0.2
10,0.3,2.5,47,0.5798182406408497,0.07203,0.7806521101675629,1,1,0.8,0.2
10,0.3,2.5,48,0.7058727684485948,0.07203,0.8298559811759493,1,1,0.8,0.2
10,0.3,2.5,49,0.7941109379140163,0.07203,0.8587810339369696,1,1,0.8,0.2
10,0.3,2.5,50,0.8558776565398114,0.07203,0.8764917288823241,1,1,0.8,0.2
11,0.5,0.5,1,0,0,0.5,1,1,0.8,0.2
11,0.5,0.5,2,0.5,0,0.5621765008857981,2,0,0.8,0.2
11,0.5,0.5,3,0.5,0,0.5621765008857981,2,0,0.8,0.2
11,0.5,0.5,4,0.5,0,0.5621765008857981,1,1,0.8,0.2
11,0.5,0.5,5,0.75,0,0.5926665999540697,2,0,0.8,0.2
11,0.5,0.5,6,0.75,0,0.5926665999540697,1,1,0.8,0.2
11,0.5,0.5,7,0.875,0,0.6076631698328917,2,0,0.8,0.2
11,0.5,0.5,8,0.875,0,0.6076631698328917,1,1,0.8,0.2
11,0.5,0.5,9,0.9375,0,0.6150878555160665,2,1,0.8,0.2
11,0.5,0.5,10,0.9375,0.5,0.5544704649604273,2,0,0.8,0.2
11,0.5,0.5,11,0.9375,0.25,0.5851011542032312,2,0,0.8,0.2
11,0.5,0.5,12,0.9375,0.125,0.600188359260205,1,1,0.8,0.2
11,0.5,0.5,13,0.96875,0.125,0.6039318337259583,1,1,0.8,0.2
11,0.5,0.5,14,0.984375,0.125,0.6057990438488957,1,1,0.8,0.2
11,0.5,0.5,15,0.9921875,0.125,0.6067314954360127,1,1,0.8,0.2
11,0.5,0.5,16,0.99609375,0.125,0.6071974301667464,1,1,0.8,0.2
11,0.5,0.5,17,0.998046875,0.125,0.6074303244307563,2,0,0.8,0.2
11,0.5,0.5,18,0.998046875,0.0625,0.6148566237009603,2,0,0.8,0.2
11,0.5,0.5,19,0.998046875,0.03125,0.6185500445294543,1,1,0.8,0.2
11,0.5,0.5,20,0.9990234375,0.03125,0.6186652458112596,1,0,0.8,0.2
11,0.5,0.5,21,0.49951171875,0.03125,0.5582667888978478,1,1,0.8,0.2
11,0.5,0.5,22,0.749755859375,0.03125,0.58885957738049,1,1,0.8,0.2
11,0.5,0.5,23,0.8748779296875,0.03125,0.6039172341354293,1,0,0.8,0.2
11,0.5,0.5,24,0.43743896484375,0.03125,0.5505998142877829,2,0,0.8,0.2
11,0.5,0.5,25,0.43743896484375,0.015625,0.552532162914925,1,1,0.8,0.2
11,0.5,0.5,26,0.718719482421875,0.015625,0.5869927305284359,2,0,0.8,0.2
11,0.5,0.5,27,0.718719482421875,0.0078125,0.5879394086634201,1,1,0.8,0.2
11,0.5,0.5,28,0.8593597412109375,0.0078125,0.6048639977706985,2,0,0.8,0.2
11,0.5,0.5,29,0.8593597412109375,0.00390625,0.6053307058276074,1,1,0.8,0.2
11,0.5,0.5,30,0.92967987060546875,0.00390625,0.6136987839558232,1,1,0.8,0.2
11,0.5,0.5,31,0.9648399353027344,0.00390625,0.6178581068017737,2,0,0.8,0.2
11,0.5,0.5,32,0.9648399353027344,0.001953125,0.618088655899253,1,1,0.8,0.2
11,0.5,0.5,33,0.9824199676513672,0.001953125,0.6201614189004983,2,0,0.8,0.2
11,0.5,0.5,34,0.9824199676513672,9.765625e-4,0.6202764322835825,1,0,0.8,0.2
11,0.5,0.5,35,0.4912099838256836,9.765625e-4,0.5609741942819315,2,0,0.8,0.2
11,0.5,0.5,36,0.4912099838256836,4.8828125e-4,0.5610343208640209,2,0,0.8,0.2
11,0.5,0.5,37,0.4912099838256836,2.44140625e-4,0.561064383483225,1,1,0.8,0.2
11,0.5,0.5,38,0.7456049919128418,2.44140625e-4,0.5921065046393799,2,0,0.8,0.2
11,0.5,0.5,39,0.7456049919128418,1.220703125e-4,0.5921212455472163,2,0,0.8,0.2
11,0.5,0.5,40,0.7456049919128418,6.103515625e-5,0.5921286159389745,1,1,0.8,0.2
11,0.5,0.5,41,0.8728024959564209,6.103515625e-5,0.6073939094930224,2,1,0.8,0.2
11,0.5,0.5,42,0.8728024959564209,0.500030517578125,0.5464620684419843,1,1,0.8,0.2
11,0.5,0.5,43,0.9364012479782104,0.500030517578125,0.5543309772633388,1,1,0.8,0.2
11,0.5,0.5,44,0.9682006239891052,0.500030517578125,0.5582554928381249,1,1,0.8,0.2
11,0.5,0.5,45,0.9841003119945526,0.500030517578125,0.5602150565961642,2,0,0.8,0.2
11,0.5,0.5,46,0.9841003119945526,0.2500152587890625,0.5907441557639295,1,0,0.8,0.2
11,0.5,0.5,47,0.4920501559972763,0.2500152587890625,0.5302174926565826,2,0,0.8,0.2
11,0.5,0.5,48,0.4920501559972763,0.12500762939453125,0.5457519770936962,1,0,0.8,0.2
11,0.5,0.5,49,0.24602507799863815,0.12500762939453125,0.5151225673285275,1,1,0.8,0.2
11,0.5,0.5,50,0.6230125389993191,0.12500762939453125,0.5619309558043016,1,1,0.8,0.2
12,0.5,1,1,0,0,0.5,2,0,0.8,0.2
12,0.5,1,2,0,0,0.5,2,1,0.8,0.2
12,0.5,1,3,0,0.5,0.3775406687981454,2,0,0.8,0.2
12,0.5,1,4,0,0.25,0.43782349911420193,1,0,0.8,0.2
12,0.5,1,5,0,0.25,0.43782349911420193,2,1,0.8,0.2
12,0.5,1,6,0,0.625,0.34864513533394575,1,0,0.8,0.2
12,0.5,1,7,0,0.625,0.34864513533394575,2,0,0.8,0.2
12,0.5,1,8,0,0.3125,0.4225046348141883,1,1,0.8,0.2
12,0.5,1,9,0.5,0.3125,0.5467381519846138,1,1,0.8,0.2
12,0.5,1,10,0.75,0.3125,0.6076631698328917,2,1,0.8,0.2
12,0.5,1,11,0.75,0.65625,0.523420348936324,1,1,0.8,0.2
12,0.5,1,12,0.875,0.65625,0.5544704649604273,2,0,0.8,0.2
12,0.5,1,13,0.875,0.328125,0.6334102636778401,1,1,0.8,0.2
12,0.5,1,14,0.9375,0.328125,0.6477982179521103,1,1,0.8,0.2
12,0.5,1,15,0.96875,0.328125,0.6548947290421275,2,1,0.8,0.2
12,0.5,1,16,0.96875,0.6640625,0.575588013330038,2,0,0.8,0.2
12,0.5,1,17,0.96875,0.33203125,0.6540113533952943,1,1,0.8,0.2
12,0.5,1,18,0.984375,0.33203125,0.6575384268506705,1,0,0.8,0.2
12,0.5,1,19,0.4921875,0.33203125,0.5399536978762307,2,0,0.8,0.2
12,0.5,1,20,0.4921875,0.166015625,0.5808276445792696,1,1,0.8,0.2
12,0.5,1,21,0.74609375,0.166015625,0.6410853826981666,1,1,0.8,0.2
12,0.5,1,22,0.873046875,0.166015625,0.6697448430478439,1,0,0.8,0.2
12,0.5,1,23,0.4365234375,0.166015625,0.5672175679438427,2,0,0.8,0.2
12,0.5,1,24,0.4365234375,0.0830078125,0.5874698484151127,1,1,0.8,0.2
12,0.5,1,25,0.71826171875,0.0830078125,0.6536798130776276,1,0,0.8,0.2
12,0.5,1,26,0.359130859375,0.0830078125,0.5685954820737726,1,1,0.8,0.2
12,0.5,1,27,0.6795654296875,0.0830078125,0.6448683489812671,1,1,0.8,0.2
12,0.5,1,28,0.83978271484375,0.0830078125,0.6806531210122618,1,1,0.8,0.2
12,0.5,1,29,0.919891357421875,0.0830078125,0.6978084488588551,1,0,0.8,0.2
12,0.5,1,30,0.4599456787109375,0.0830078125,0.593134341716967,2,0,0.8,0.2
12,0.5,1,31,0.4599456787109375,0.04150390625,0.6031103196408373,1,0,0.8,0.2
12,0.5,1,32,0.22997283935546875,0.04150390625,0.5469782577781085,1,0,0.8,0.2
12,0.5,1,33,0.11498641967773438,0.04150390625,0.5183623665254895,1,1,0.8,0.2
12,0.5,1,34,0.5574932098388672,0.04150390625,0.6262094541168948,1,1,0.8,0.2
12,0.5,1,35,0.7787466049194336,0.04150390625,0.6763926163371221,1,1,0.8,0.2
12,0.5,1,36,0.8893733024597168,0.04150390625,0.7001200088015952,2,0,0.8,0.2
12,0.5,1,37,0.8893733024597168,0.020751953125,0.7044587485191686,2,0,0.8,0.2
12,0.5,1,38,0.8893733024597168,0.0103759765625,0.706614399305218,1,0,0.8,0.2
12,0.5,1,39,0.4446866512298584,0.0103759765625,0.6069025465792306,1,1,0.8,0.2
12,0.5,1,40,0.7223433256149292,0.0103759765625,0.6708357262089124,2,0,0.8,0.2
12,0.5,1,41,0.7223433256149292,0.00518798828125,0.6719802956516301,1,1,0.8,0.2
12,0.5,1,42,0.8611716628074646,0.00518798828125,0.7018208464149341,2,0,0.8,0.2
12,0.5,1,43,0.8611716628074646,0.002593994140625,0.7023634029335989,2,0,0.8,0.2
12,0.5,1,44,0.8611716628074646,0.0012969970703125,0.7026344677601318,1,1,0.8,0.2
12,0.5,1,45,0.9305858314037323,0.0012969970703125,0.7169309831261795,2,0,0.8,0.2
12,0.5,1,46,0.9305858314037323,6.4849853515625e-4,0.7170625715176531,1,1,0.8,0.2
12,0.5,1,47,0.9652929157018661,6.4849853515625e-4,0.7240507305295086,1,1,0.8,0.2
12,0.5,1,48,0.9826464578509331,6.4849853515625e-4,0.7275044752054589,1,1,0.8,0.2
12,0.5,1,49,0.9913232289254665,6.4849853515625e-4,0.729221173632882,1,1,0.8,0.2
12,0.5,1,50,0.9956616144627333,6.4849853515625e-4,0.7300769686737891,1,0,0.8,0.2
13,0.5,1.5,1,0,0,0.5,2,0,0.8,0.2
13,0.5,1.5,2,0,0,0.5,2,0,0.8,0.2
13,0.5,1.5,3,0,0,0.5,2,0,0.8,0.2
13,0.5,1.5,4,0,0,0.5,2,0,0.8,0.2
13,0.5,1.5,5,0,0,0.5,2,0,0.8,0.2
13,0.5,1.5,6,0,0,0.5,2,0,0.8,0.2
13,0.5,1.5,7,0,0,0.5,2,0,0.8,0.2
13,0.5,1.5,8,0,0,0.5,2,0,0.8,0.2
13,0.5,1.5,9,0,0,0.5,2,0,0.8,0.2
13,0.5,1.5,10,0,0,0.5,2,0,0.8,0.2
13,0.5,1.5,11,0,0,0.5,2,0,0.8,0.2
13,0.5,1.5,12,0,0,0.5,2,0,0.8,0.2
13,0.5,1.5,13,0,0,0.5,2,0,0.8,0.2
13,0.5,1.5,14,0,0,0.5,2,0,0.8,0.2
13,0.5,1.5,15,0,0,0.5,1,1,0.8,0.2
13,0.5,1.5,16,0.5,0,0.679178699175393,2,1,0.8,0.2
13,0.5,1.5,17,0.5,0.5,0.5,1,1,0.8,0.2
13,0.5,1.5,18,0.75,0.5,0.5926665999540697,1,0,0.8,0.2
13,0.5,1.5,19,0.375,0.5,0.45326184801538616,2,0,0.8,0.2
13,0.5,1.5,20,0.375,0.25,0.5467381519846138,2,1,0.8,0.2
13,0.5,1.5,21,0.375,0.625,0.40733340004593027,2,0,0.8,0.2
13,0.5,1.5,22,0.375,0.3125,0.523420348936324,1,0,0.8,0.2
13,0.5,1.5,23,0.1875,0.3125,0.45326184801538616,1,1,0.8,0.2
13,0.5,1.5,24,0.59375,0.3125,0.6039318337259583,2,0,0.8,0.2
13,0.5,1.5,25,0.59375,0.15625,0.658417500561683,1,1,0.8,0.2
13,0.5,1.5,26,0.796875,0.15625,0.7233094689745646,2,1,0.8,0.2
13,0.5,1.5,27,0.796875,0.578125,0.5813030906443133,1,1,0.8,0.2
13,0.5,1.5,28,0.8984375,0.578125,0.6178585571447408,1,1,0.8,0.2
13,0.5,1.5,29,0.94921875,0.578125,0.6356748899883626,1,1,0.8,0.2
13,0.5,1.5,30,0.974609375,0.578125,0.6444489022124282,1,1,0.8,0.2
13,0.5,1.5,31,0.9873046875,0.578125,0.6488002028418868,2,0,0.8,0.2
13,0.5,1.5,32,0.9873046875,0.2890625,0.7402682554575742,1,0,0.8,0.2
13,0.5,1.5,33,0.49365234375,0.2890625,0.5761246862039224,2,0,0.8,0.2
13,0.5,1.5,34,0.49365234375,0.14453125,0.6280082532491683,1,0,0.8,0.2
13,0.5,1.5,35,0.246826171875,0.14453125,0.5382855071963796,1,0,0.8,0.2
13,0.5,1.5,36,0.1234130859375,0.14453125,0.4920813506281755,1,1,0.8,0.2
13,0.5,1.5,37,0.56170654296875,0.14453125,0.6515281018743317,1,1,0.8,0.2
13,0.5,1.5,38,0.780853271484375,0.14453125,0.7220158576957588,1,1,0.8,0.2
13,0.5,1.5,39,0.8904266357421875,0.14453125,0.7537740563582304,2,0,0.8,0.2
13,0.5,1.5,40,0.8904266357421875,0.072265625,0.773335410433869,1,1,0.8,0.2
13,0.5,1.5,41,0.94521331787109375,0.072265625,0.7874163423729033,1,1,0.8,0.2
13,0.5,1.5,42,0.9726066589355469,0.072265625,0.7942132479278529,1,1,0.8,0.2
13,0.5,1.5,43,0.9863033294677734,0.072265625,0.7975508025655221,2,0,0.8,0.2
13,0.5,1.5,44,0.9863033294677734,0.0361328125,0.8061610341647435,1,1,0.8,0.2
13,0.5,1.5,45,0.9931516647338867,0.0361328125,0.8077612244225381,1,1,0.8,0.2
13,0.5,1.5,46,0.9965758323669434,0.0361328125,0.8085575365916496,1,1,0.8,0.2
13,0.5,1.5,47,0.9982879161834717,0.0361328125,0.8089547475681079,1,1,0.8,0.2
13,0.5,1.5,48,0.9991439580917358,0.0361328125,0.8091531168612288,2,1,0.8,0.2
13,0.5,1.5,49,0.9991439580917358,0.51806640625,0.6729628441111765,1,1,0.8,0.2
13,0.5,1.5,50,0.9995719790458679,0.51806640625,0.673104129169084,2,0,0.8,0.2
14,0.5,2,1,0,0,0.5,1,1,0.8,0.2
14,0.5,2,2,0.5,0,0.7310585786300049,1,1,0.8,0.2
14,0.5,2,3,0.75,0,0.8175744761936437,1,0,0.8,0.2
14,0.5,2,4,0.375,0,0.679178699175393,2,0,0.8,0.2
14,0.5,2,5,0.375,0,0.679178699175393,2,0,0.8,0.2
14,0.5,2,6,0.375,0,0.679178699175393,1,1,0.8,0.2
14,0.5,2,7,0.6875,0,0.7981867777396212,2,0,0.8,0.2
14,0.5,2,8,0.6875,0,0.7981867777396212,1,1,0.8,0.2
14,0.5,2,9,0.84375,0,0.8438951025545426,1,0,0.8,0.2
14,0.5,2,10,0.421875,0,0.6992544210587585,1,0,0.8,0.2
14,0.5,2,11,0.2109375,0,0.6039318337259583,1,1,0.8,0.2
14,0.5,2,12,0.60546875,0,0.7704647868335476,1,1,0.8,0.2
14,0.5,2,13,0.802734375,0,0.8327813311689884,1,1,0.8,0.2
14,0.5,2,14,0.9013671875,0,0.8584814629082023,1,0,0.8,0.2
14,0.5,2,15,0.45068359375,0,0.7112303790258302,1,1,0.8,0.2
14,0.5,2,16,0.725341796875,0,0.8101036174326965,2,0,0.8,0.2
14,0.5,2,17,0.725341796875,0,0.8101036174326965,1,1,0.8,0.2
14,0.5,2,18,0.8626708984375,0,0.8488156147160614,1,1,0.8,0.2
14,0.5,2,19,0.93133544921875,0,0.8656079593716672,1,1,0.8,0.2
14,0.5,2,20,0.965667724609375,0,0.8733971602378036,1,0,0.8,0.2
14,0.5,2,21,0.4828338623046875,0,0.7242551417725347,1,0,0.8,0.2
14,0.5,2,22,0.24141693115234375,0,0.6184168264214461,1,1,0.8,0.2
14,0.5,2,23,0.6207084655761719,0,0.7758105553403565,1,1,0.8,0.2
14,0.5,2,24,0.8103542327880859,0,0.8348928126969666,1,1,0.8,0.2
14,0.5,2,25,0.905177116394043,0,0.8594046810520923,1,1,0.8,0.2
14,0.5,2,26,0.9525885581970215,0,0.8704763517810871,1,1,0.8,0.2
14,0.5,2,27,0.9762942790985107,0,0.8757286235245032,1,0,0.8,0.2
14,0.5,2,28,0.48814713954925537,0,0.7263723018110985,1,1,0.8,0.2
14,0.5,2,29,0.7440735697746277,0,0.8158000054829151,1,1,0.8,0.2
14,0.5,2,30,0.8720367848873138,0,0.8512037457089431,1,1,0.8,0.2
14,0.5,2,31,0.9360183924436569,0,0.8666937745907672,1,1,0.8,0.2
14,0.5,2,32,0.9680091962218285,0,0.8739140698162531,1,1,0.8,0.2
14,0.5,2,33,0.9840045981109142,0,0.8773971204490444,1,1,0.8,0.2
14,0.5,2,34,0.9920022990554571,0,0.8791074076229908,1,0,0.8,0.2
14,0.5,2,35,0.49600114952772856,0,0.7294832324416609,2,0,0.8,0.2
14,0.5,2,36,0.49600114952772856,0,0.7294832324416609,2,0,0.8,0.2
14,0.5,2,37,0.49600114952772856,0,0.7294832324416609,1,1,0.8,0.2
14,0.5,2,38,0.7480005747638643,0,0.816977304260865,1,1,0.8,0.2
14,0.5,2,39,0.8740002873819321,0,0.8517004385075271,1,1,0.8,0.2
14,0.5,2,40,0.9370001436909661,0,0.8669204658866724,1,1,0.8,0.2
14,0.5,2,41,0.968500071845483,0,0.8740222075811442,1,1,0.8,0.2
14,0.5,2,42,0.9842500359227415,0,0.8774499148522323,1,1,0.8,0.2
14,0.5,2,43,0.9921250179613708,0,0.879133489731073,2,0,0.8,0.2
14,0.5,2,44,0.9921250179613708,0,0.879133489731073,1,1,0.8,0.2
14,0.5,2,45,0.9960625089806854,0,0.8799677727687519,1,0,0.8,0.2
14,0.5,2,46,0.4980312544903427,0,0.7302837169474411,1,1,0.8,0.2
14,0.5,2,47,0.7490156272451713,0,0.8172806611807512,1,1,0.8,0.2
14,0.5,2,48,0.8745078136225857,0,0.8518286007756336,1,0,0.8,0.2
14,0.5,2,49,0.43725390681129284,0,0.7056828137436416,1,0,0.8,0.2
14,0.5,2,50,0.21862695340564642,0,0.6076044975357641,2,1,0.8,0.2
15,0.5,2.5,1,0,0,0.5,1,1,0.8,0.2
15,0.5,2.5,2,0.5,0,0.7772998611746911,1,1,0.8,0.2
15,0.5,2.5,3,0.75,0,0.8670357598021706,1,1,0.8,0.2
15,0.5,2.5,4,0.875,0,0.8991213772699436,1,1,0.8,0.2
15,0.5,2.5,5,0.9375,0,0.9124361604769414,1,1,0.8,0.2
15,0.5,2.5,6,0.96875,0,0.9184802440252811,1,1,0.8,0.2
15,0.5,2.5,7,0.984375,0,0.9213576188158985,1,1,0.8,0.2
15,0.5,2.5,8,0.9921875,0,0.9227612136829397,1,1,0.8,0.2
15,0.5,2.5,9,0.99609375,0,0.9234543714164196,1,1,0.8,0.2
15,0.5,2.5,10,0.998046875,0,0.92379880697518,1,0,0.8,0.2
15,0.5,2.5,11,0.4990234375,0,0.7768769559683748,1,1,0.8,0.2
15,0.5,2.5,12,0.74951171875,0,0.8668949682833396,1,1,0.8,0.2
15,0.5,2.5,13,0.874755859375,0,0.8990660035979426,1,1,0.8,0.2
15,0.5,2.5,14,0.9373779296875,0,0.912411774957416,1,0,0.8,0.2
15,0.5,2.5,15,0.46868896484375,0,0.7634562086888363,1,1,0.8,0.2
15,0.5,2.5,16,0.734344482421875,0,0.8624584838670757,1,1,0.8,0.2
15,0.5,2.5,17,0.8671722412109375,0,0.8973324761174358,1,1,0.8,0.2
15,0.5,2.5,18,0.93358612060546875,0,0.9116512368135281,1,1,0.8,0.2
15,0.5,2.5,19,0.9667930603027344,0,0.9181131820993161,1,1,0.8,0.2
15,0.5,2.5,20,0.9833965301513672,0,0.9211801917012342,1,1,0.8,0.2
15,0.5,2.5,21,0.9916982650756836,0,0.9226739955472557,1,1,0.8,0.2
15,0.5,2.5,22,0.9958491325378418,0,0.9234111324039705,1,1,0.8,0.2
15,0.5,2.5,23,0.9979245662689209,0,0.9237772795089975,1,1,0.8,0.2
15,0.5,2.5,24,0.9989622831344604,0,0.9239597502183227,1,1,0.8,0.2
15,0.5,2.5,25,0.9994811415672302,0,0.9240508351728036,1,1,0.8,0.2
15,0.5,2.5,26,0.9997405707836151,0,0.9240963400888041,1,0,0.8,0.2
15,0.5,2.5,27,0.49987028539180756,0,0.7772437205777096,2,0,0.8,0.2
15,0.5,2.5,28,0.49987028539180756,0,0.7772437205777096,1,0,0.8,0.2
15,0.5,2.5,29,0.24993514269590378,0,0.6513180423730598,1,0,0.8,0.2
15,0.5,2.5,30,0.12496757134795189,0,0.5774755840322525,1,0,0.8,0.2
15,0.5,2.5,31,0.062483785673975945,0,0.5389731483199373,2,1,0.8,0.2
15,0.5,2.5,32,0.062483785673975945,0.5,0.2509051680303704,1,1,0.8,0.2
15,0.5,2.5,33,0.531241892836988,0.5,0.5195162626969438,1,1,0.8,0.2
15,0.5,2.5,34,0.765620946418494,0.5,0.6601701079110309,2,0,0.8,0.2
15,0.5,2.5,35,0.765620946418494,0.25,0.7839867491099264,2,0,0.8,0.2
15,0.5,2.5,36,0.765620946418494,0.125,0.8322352378865067,1,0,0.8,0.2
15,0.5,2.5,37,0.382810473209247,0.125,0.6557758925631376,1,1,0.8,0.2
15,0.5,2.5,38,0.6914052366046235,0.125,0.804712633967267,1,1,0.8,0.2
15,0.5,2.5,39,0.8457026183023117,0.125,0.8583626237679953,1,1,0.8,0.2
15,0.5,2.5,40,0.9228513091511559,0.125,0.8802319264074892,1,1,0.8,0.2
15,0.5,2.5,41,0.9614256545755779,0.125,0.8900316215834236,1,1,0.8,0.2
15,0.5,2.5,42,0.980712827287789,0.125,0.8946629709364686,1,1,0.8,0.2
15,0.5,2.5,43,0.9903564136438945,0.125,0.896913504703339,1,1,0.8,0.2
15,0.5,2.5,44,0.9951782068219472,0.125,0.898022737562759,1,1,0.8,0.2
15,0.5,2.5,45,0.9975891034109736,0.125,0.8985733770423353,1,1,0.8,0.2
15,0.5,2.5,46,0.9987945517054868,0.125,0.898847706497374,1,0,0.8,0.2
15,0.5,2.5,47,0.4993972758527434,0.125,0.7182895903266164,1,1,0.8,0.2
15,0.5,2.5,48,0.7496986379263717,0.125,0.8266038351247281,1,1,0.8,0.2
15,0.5,2.5,49,0.8748493189631859,0.125,0.8669923257328118,1,1,0.8,0.2
15,0.5,2.5,50,0.9374246594815929,0.125,0.8840199717365599,1,1,0.8,0.2
16,0.7,0.5,1,0,0,0.5,1,1,0.8,0.2
16,0.7,0.5,2,0.7,0,0.5866175789173301,2,0,0.8,0.2
16,0.7,0.5,3,0.7,0,0.5866175789173301,2,0,0.8,0.2
16,0.7,0.5,4,0.7,0,0.5866175789173301,1,1,0.8,0.2
16,0.7,0.5,5,0.9099999999999999,0,0.6118273690017371,2,0,0.8,0.2
16,0.7,0.5,6,0.9099999999999999,0,0.6118273690017371,1,1,0.8,0.2
16,0.7,0.5,7,0.973,0,0.6192815758809626,2,1,0.8,0.2
16,0.7,0.5,8,0.973,0.7,0.5340721130771141,1,1,0.8,0.2
16,0.7,0.5,9,0.9919,0.7,0.5364228680945562,2,0,0.8,0.2
16,0.7,0.5,10,0.9919,0.21000000000000002,0.5965113715229948,1,1,0.8,0.2
16,0.7,0.5,11,0.99757,0.21000000000000002,0.5971935279703586,2,1,0.8,0.2
16,0.7,0.5,12,0.99757,0.7629999999999999,0.5292876848035079,2,1,0.8,0.2
16,0.7,0.5,13,0.99757,0.9289,0.5085829068230566,1,1,0.8,0.2
16,0.7,0.5,14,0.999271,0.9289,0.5087954676054213,1,1,0.8,0.2
16,0.7,0.5,15,0.9997813,0.9289,0.5088592352235024,2,0,0.8,0.2
16,0.7,0.5,16,0.9997813,0.27867,0.5891749345970304,1,0,0.8,0.2
16,0.7,0.5,17,0.29993439,0.27867,0.5026580237106729,2,0,0.8,0.2
16,0.7,0.5,18,0.29993439,0.08360100000000001,0.5270153388531742,2,0,0.8,0.2
16,0.7,0.5,19,0.29993439,0.025080300000000007,0.534302790809537,2,0,0.8,0.2
16,0.7,0.5,20,0.29993439,0.007524090000000004,0.5364863165161167,1,1,0.8,0.2
16,0.7,0.5,21,0.7899803169999999,0.007524090000000004,0.5965783076280705,2,0,0.8,0.2
16,0.7,0.5,22,0.7899803169999999,0.0022572270000000014,0.5972119409947526,2,0,0.8,0.2
16,0.7,0.5,23,0.7899803169999999,6.771681000000006e-4,0.5974019678473803,1,1,0.8,0.2
16,0.7,0.5,24,0.9369940951,6.771681000000006e-4,0.6149477968879654,2,0,0.8,0.2
16,0.7,0.5,25,0.9369940951,2.031504300000002e-4,0.6150039159707734,1,1,0.8,0.2
16,0.7,0.5,26,0.98109822853,2.031504300000002e-4,0.6202118554378739,2,0,0.8,0.2
16,0.7,0.5,27,0.98109822853,6.0945129000000074e-5,0.6202286034607457,1,0,0.8,0.2
16,0.7,0.5,28,0.294329468559,6.0945129000000074e-5,0.5367173497150809,1,1,0.8,0.2
16,0.7,0.5,29,0.7882988405676999,6.0945129000000074e-5,0.5972738576276708,1,1,0.8,0.2
16,0.7,0.5,30,0.93648965217031,6.0945129000000074e-5,0.6149610308334852,2,0,0.8,0.2
16,0.7,0.5,31,0.93648965217031,1.8283538700000028e-5,0.6149660816112745,1,1,0.8,0.2
16,0.7,0.5,32,0.9809468956510929,1.8283538700000028e-5,0.6202158048832972,1,1,0.8,0.2
16,0.7,0.5,33,0.9942840686953279,1.8283538700000028e-5,0.6217853141260663,2,1,0.8,0.2
16,0.7,0.5,34,0.9942840686953279,0.70000548506161,0.5367186004589134,2,1,0.8,0.2
16,0.7,0.5,35,0.9942840686953279,0.910001645518483,0.5105337440529566,1,1,0.8,0.2
16,0.7,0.5,36,0.9982852206085984,0.910001645518483,0.5110336553570385,1,0,0.8,0.2
16,0.7,0.5,37,0.2994855661825796,0.910001645518483,0.4242726175728222,2,0,0.8,0.2
16,0.7,0.5,38,0.2994855661825796,0.2730004936555449,0.5033105856860135,2,0,0.8,0.2
16,0.7,0.5,39,0.2994855661825796,0.08190014809666349,0.5271713828368938,1,1,0.8,0.2
16,0.7,0.5,40,0.7898456698547738,0.08190014809666349,0.5875806304183621,1,1,0.8,0.2
16,0.7,0.5,41,0.9369537009564322,0.08190014809666349,0.6052829310971312,1,1,0.8,0.2
16,0.7,0.5,42,0.9810861102869296,0.08190014809666349,0.610542457200997,1,1,0.8,0.2
16,0.7,0.5,43,0.9943258330860789,0.08190014809666349,0.6121153734957777,1,1,0.8,0.2
16,0.7,0.5,44,0.9982977499258237,0.08190014809666349,0.6125867947675135,1,1,0.8,0.2
16,0.7,0.5,45,0.9994893249777471,0.08190014809666349,0.6127281800856119,2,1,0.8,0.2
16,0.7,0.5,46,0.9994893249777471,0.724570044428999,0.5343109012648065,1,1,0.8,0.2
16,0.7,0.5,47,0.9998467974933242,0.724570044428999,0.5343553746412927,2,0,0.8,0.2
16,0.7,0.5,48,0.9998467974933242,0.21737101332869968,0.5965806610629756,1,1,0.8,0.2
16,0.7,0.5,49,0.9999540392479972,0.21737101332869968,0.5965935660493636,1,1,0.8,0.2
16,0.7,0.5,50,0.9999862117743992,0.21737101332869968,0.5965974375192132,2,0,0.8,0.2
17,0.7,1,1,0,0,0.5,1,0,0.8,0.2
17,0.7,1,2,0,0,0.5,1,0,0.8,0.2
17,0.7,1,3,0,0,0.5,2,1,0.8,0.2
17,0.7,1,4,0,0.7,0.3318122278318339,1,1,0.8,0.2
17,0.7,1,5,0.7,0.7,0.5,1,1,0.8,0.2
17,0.7,1,6,0.9099999999999999,0.7,0.5523079095743253,1,1,0.8,0.2
17,0.7,1,7,0.973,0.7,0.5678292518285538,1,1,0.8,0.2
17,0.7,1,8,0.9919,0.7,0.5724612206290265,1,1,0.8,0.2
17,0.7,1,9,0.99757,0.7,0.5738483759293097,1,1,0.8,0.2
17,0.7,1,10,0.999271,0.7,0.5742642970385926,1,1,0.8,0.2
17,0.7,1,11,0.9997813,0.7,0.574389052908682,2,0,0.8,0.2
17,0.7,1,12,0.9997813,0.21000000000000002,0.687784369523061,1,1,0.8,0.2
17,0.7,1,13,0.99993439,0.21000000000000002,0.6878172426699715,2,1,0.8,0.2
17,0.7,1,14,0.99993439,0.7629999999999999,0.5589580401446989,2,1,0.8,0.2
17,0.7,1,15,0.99993439,0.9289,0.5177511339465852,2,0,0.8,0.2
17,0.7,1,16,0.99993439,0.27867,0.6728853835774282,1,1,0.8,0.2
17,0.7,1,17,0.999980317,0.27867,0.6728954925187142,1,1,0.8,0.2
17,0.7,1,18,0.9999940951,0.27867,0.6728985251697949,1,0,0.8,0.2
17,0.7,1,19,0.29999822853,0.27867,0.5053318550152578,2,0,0.8,0.2
17,0.7,1,20,0.29999822853,0.08360100000000001,0.5538891786126037,1,1,0.8,0.2
17,0.7,1,21,0.7899994685589999,0.08360100000000001,0.6696048651859721,2,0,0.8,0.2
17,0.7,1,22,0.7899994685589999,0.025080300000000007,0.6824207844466842,1,0,0.8,0.2
17,0.7,1,23,0.23699984056770007,0.025080300000000007,0.5527824948304173,2,1,0.8,0.2
17,0.7,1,24,0.23699984056770007,0.7075240899999999,0.3844921683071673,2,0,0.8,0.2
17,0.7,1,25,0.23699984056770007,0.212257227,0.5061853378414102,1,1,0.8,0.2
17,0.7,1,26,0.77109995217031,0.212257227,0.636184726955121,1,1,0.8,0.2
17,0.7,1,27,0.931329985651093,0.212257227,0.6724027995310651,1,1,0.8,0.2
17,0.7,1,28,0.979398995695328,0.212257227,0.6829022768360106,2,0,0.8,0.2
17,0.7,1,29,0.979398995695328,0.06367716810000001,0.7141695972191934,2,0,0.8,0.2
17,0.7,1,30,0.979398995695328,0.019103150430000007,0.7231810343651873,1,1,0.8,0.2
17,0.7,1,31,0.9938196987085984,0.019103150430000007,0.7260586070329201,1,1,0.8,0.2
17,0.7,1,32,0.9981459096125795,0.019103150430000007,0.7269182375531558,1,1,0.8,0.2
17,0.7,1,33,0.9994437728837738,0.019103150430000007,0.7271757980526578,1,1,0.8,0.2
17,0.7,1,34,0.9998331318651321,0.019103150430000007,0.7272530365984197,2,1,0.8,0.2
17,0.7,1,35,0.9998331318651321,0.7057309451289999,0.5730001182372607,2,0,0.8,0.2
17,0.7,1,36,0.9998331318651321,0.2117192835387,0.6874261938326015,1,1,0.8,0.2
17,0.7,1,37,0.9999499395595396,0.2117192835387,0.6874512919184872,1,1,0.8,0.2
17,0.7,1,38,0.9999849818678619,0.2117192835387,0.687458821129941,2,1,0.8,0.2
17,0.7,1,39,0.9999849818678619,0.7635157850616099,0.5588433557379274,2,1,0.8,0.2
17,0.7,1,40,0.9999849818678619,0.9290547355184829,0.5177251308018337,1,1,0.8,0.2
17,0.7,1,41,0.9999954945603585,0.9290547355184829,0.5177277556715882,2,0,0.8,0.2
17,0.7,1,42,0.9999954945603585,0.2787164206555449,0.6728886156529703,2,0,0.8,0.2
17,0.7,1,43,0.9999954945603585,0.0836149261966635,0.7143040479102244,1,1,0.8,0.2
17,0.7,1,44,0.9999986483681076,0.0836149261966635,0.7143046915192426,2,0,0.8,0.2
17,0.7,1,45,0.9999986483681076,0.025084477858999053,0.7260979118456964,2,1,0.8,0.2
17,0.7,1,46,0.9999986483681076,0.7075253433576997,0.5726015308373412,1,1,0.8,0.2
17,0.7,1,47,0.9999995945104323,0.7075253433576997,0.5726017623858072,1,1,0.8,0.2
17,0.7,1,48,0.9999998783531296,0.7075253433576997,0.5726018318503406,1,1,0.8,0.2
17,0.7,1,49,0.9999999635059389,0.7075253433576997,0.5726018526897002,2,0,0.8,0.2
17,0.7,1,50,0.9999999635059389,0.21225760300730995,0.6873463661576281,2,0,0.8,0.2
18,0.7,1.5,1,0,0,0.5,2,0,0.8,0.2
18,0.7,1.5,2,0,0,0.5,1,1,0.8,0.2
18,0.7,1.5,3,0.7,0,0.7407748991821539,1,1,0.8,0.2
18,0.7,1.5,4,0.9099999999999999,0,0.7965711270909327,1,1,0.8,0.2
18,0.7,1.5,5,0.973,0,0.8114561891776205,1,1,0.8,0.2
18,0.7,1.5,6,0.9919,0,0.8157553500269166,1,1,0.8,0.2
18,0.7,1.5,7,0.99757,0,0.8170302079558656,1,0,0.8,0.2
18,0.7,1.5,8,0.29927100000000006,0,0.6103792130941053,2,0,0.8,0.2
18,0.7,1.5,9,0.29927100000000006,0,0.6103792130941053,1,1,0.8,0.2
18,0.7,1.5,10,0.7897813,0,0.7657867927612895,1,1,0.8,0.2
18,0.7,1.5,11,0.93693439,0,0.8030396396214612,1,0,0.8,0.2
18,0.7,1.5,12,0.281080317,0,0.6038709503201036,1,1,0.8,0.2
18,0.7,1.5,13,0.7843240951,0,0.7643154147644917,2,0,0.8,0.2
18,0.7,1.5,14,0.7843240951,0,0.7643154147644917,2,0,0.8,0.2
18,0.7,1.5,15,0.7843240951,0,0.7643154147644917,2,0,0.8,0.2
18,0.7,1.5,16,0.7843240951,0,0.7643154147644917,1,1,0.8,0.2
18,0.7,1.5,17,0.93529722853,0,0.8026509332260616,2,0,0.8,0.2
18,0.7,1.5,18,0.93529722853,0,0.8026509332260616,1,1,0.8,0.2
18,0.7,1.5,19,0.980589168559,0,0.81319167494737,1,1,0.8,0.2
18,0.7,1.5,20,0.9941767505677,0,0.8162680851176863,1,0,0.8,0.2
18,0.7,1.5,21,0.29825302517031005,0,0.6100160152408357,1,1,0.8,0.2
18,0.7,1.5,22,0.789475907551093,0,0.7657046211733884,1,1,0.8,0.2
18,0.7,1.5,23,0.9368427722653279,0,0.8030179023660581,2,0,0.8,0.2
18,0.7,1.5,24,0.9368427722653279,0,0.8030179023660581,1,1,0.8,0.2
18,0.7,1.5,25,0.9810528316795983,0,0.8132973052093004,1,0,0.8,0.2
18,0.7,1.5,26,0.29431584950387957,0,0.6086101455663477,1,1,0.8,0.2
18,0.7,1.5,27,0.7882947548511638,0,0.765386621496665,1,1,0.8,0.2
18,0.7,1.5,28,0.9364884264553491,0,0.8029338131141383,2,0,0.8,0.2
18,0.7,1.5,29,0.9364884264553491,0,0.8029338131141383,1,1,0.8,0.2
18,0.7,1.5,30,0.9809465279366048,0,0.813273091494047,1,1,0.8,0.2
18,0.7,1.5,31,0.9942839583809814,0,0.8162922015481038,1,1,0.8,0.2
18,0.7,1.5,32,0.9982851875142944,0,0.8171905254698073,1,1,0.8,0.2
18,0.7,1.5,33,0.9994855562542884,0,0.8174593567988531,1,0,0.8,0.2
18,0.7,1.5,34,0.29984566687628655,0,0.6105841914152054,1,1,0.8,0.2
18,0.7,1.5,35,0.789953700062886,0,0.7658331714089031,1,1,0.8,0.2
18,0.7,1.5,36,0.9369861100188658,0,0.8030519099315198,1,0,0.8,0.2
18,0.7,1.5,37,0.28109583300565977,0,0.6038765177014319,1,1,0.8,0.2
18,0.7,1.5,38,0.7843287499016979,0,0.7643166725177148,1,0,0.8,0.2
18,0.7,1.5,39,0.23529862497050935,0,0.5873322630637311,1,1,0.8,0.2
18,0.7,1.5,40,0.7705895874911528,0,0.7605840813294563,1,1,0.8,0.2
18,0.7,1.5,41,0.9311768762473458,0,0.8016700910275012,1,1,0.8,0.2
18,0.7,1.5,42,0.9793530628742038,0,0.8129098443379049,1,1,0.8,0.2
18,0.7,1.5,43,0.9938059188622611,0,0.8161846474927258,1,1,0.8,0.2
18,0.7,1.5,44,0.9981417756586783,0,0.8171583867946481,1,0,0.8,0.2
18,0.7,1.5,45,0.29944253269760357,0,0.6104404012964769,1,1,0.8,0.2
18,0.7,1.5,46,0.789832759809281,0,0.7658006370221669,1,0,0.8,0.2
18,0.7,1.5,47,0.2369498279427843,0,0.5879324436496963,2,0,0.8,0.2
18,0.7,1.5,48,0.2369498279427843,0,0.5879324436496963,1,0,0.8,0.2
18,0.7,1.5,49,0.0710849483828353,0,0.5266316282712289,2,0,0.8,0.2
18,0.7,1.5,50,0.0710849483828353,0,0.5266316282712289,2,0,0.8,0.2
19,0.7,2,1,0,0,0.5,1,0,0.8,0.2
19,0.7,2,2,0,0,0.5,1,1,0.8,0.2
19,0.7,2,3,0.7,0,0.8021838885585817,1,1,0.8,0.2
19,0.7,2,4,0.9099999999999999,0,0.86056612703835,2,0,0.8,0.2
19,0.7,2,5,0.9099999999999999,0,0.86056612703835,1,1,0.8,0.2
19,0.7,2,6,0.973,0,0.8750098271159527,1,1,0.8,0.2
19,0.7,2,7,0.9919,0,0.8790856617455874,1,1,0.8,0.2
19,0.7,2,8,0.99757,0,0.8802858640688562,1,0,0.8,0.2
19,0.7,2,9,0.29927100000000006,0,0.6453226680086006,1,1,0.8,0.2
19,0.7,2,10,0.7897813,0,0.8291425625512512,1,1,0.8,0.2
19,0.7,2,11,0.93693439,0,0.8669052932305426,1,1,0.8,0.2
19,0.7,2,12,0.981080317,0,0.8767665924206163,1,1,0.8,0.2
19,0.7,2,13,0.9943240951,0,0.8796000491811113,1,1,0.8,0.2
19,0.7,2,14,0.99829722853,0,0.8804390538672746,1,1,0.8,0.2
19,0.7,2,15,0.999489168559,0,0.8806897681896921,1,0,0.8,0.2
19,0.7,2,16,0.29984675056770005,0,0.6455861809857706,2,0,0.8,0.2
19,0.7,2,17,0.29984675056770005,0,0.6455861809857706,1,0,0.8,0.2
19,0.7,2,18,0.08995402517031004,0,0.5448560900618415,1,0,0.8,0.2
19,0.7,2,19,0.026986207551093017,0,0.5134898292541983,1,1,0.8,0.2
19,0.7,2,20,0.7080958622653278,0,0.8047407046558452,1,1,0.8,0.2
19,0.7,2,21,0.9124287586795983,0,0.8611479703745809,1,1,0.8,0.2
19,0.7,2,22,0.9737286276038795,0,0.8751691165861999,1,1,0.8,0.2
19,0.7,2,23,0.9921185882811638,0,0.8791321233171031,1,0,0.8,0.2
19,0.7,2,24,0.29763557648434924,0,0.6445736768666126,1,1,0.8,0.2
19,0.7,2,25,0.7892906729453047,0,0.8290035081179805,2,0,0.8,0.2
19,0.7,2,26,0.7892906729453047,0,0.8290035081179805,1,1,0.8,0.2
19,0.7,2,27,0.9367872018835914,0,0.8668713242832254,2,0,0.8,0.2
19,0.7,2,28,0.9367872018835914,0,0.8668713242832254,1,0,0.8,0.2
19,0.7,2,29,0.2810361605650775,0,0.6369318996824167,1,1,0.8,0.2
19,0.7,2,30,0.7843108481695232,0,0.8275870314027486,1,0,0.8,0.2
19,0.7,2,31,0.23529325445085703,0,0.6155225657846964,2,0,0.8,0.2
19,0.7,2,32,0.23529325445085703,0,0.6155225657846964,1,0,0.8,0.2
19,0.7,2,33,0.07058797633525712,0,0.5352354854220022,2,0,0.8,0.2
19,0.7,2,34,0.07058797633525712,0,0.5352354854220022,2,0,0.8,0.2
19,0.7,2,35,0.07058797633525712,0,0.5352354854220022,1,1,0.8,0.2
19,0.7,2,36,0.7211763929005771,0,0.8088187294071876,1,1,0.8,0.2
19,0.7,2,37,0.9163529178701731,0,0.8620837534353749,1,1,0.8,0.2
19,0.7,2,38,0.9749058753610519,0,0.8754261136945497,1,1,0.8,0.2
19,0.7,2,39,0.9924717626083156,0,0.8792071590032129,1,1,0.8,0.2
19,0.7,2,40,0.9977415287824947,0,0.8803220116719643,1,1,0.8,0.2
19,0.7,2,41,0.9993224586347484,0,0.8806547295518395,2,0,0.8,0.2
19,0.7,2,42,0.9993224586347484,0,0.8806547295518395,1,1,0.8,0.2
19,0.7,2,43,0.9997967375904245,0,0.8807543888717306,1,1,0.8,0.2
19,0.7,2,44,0.9999390212771273,0,0.8807842726337095,1,0,0.8,0.2
19,0.7,2,45,0.29998170638313826,0,0.6456479355987101,1,1,0.8,0.2
19,0.7,2,46,0.7899945119149414,0,0.8292029634786622,1,0,0.8,0.2
19,0.7,2,47,0.2369983535744825,0,0.6163292860780942,2,0,0.8,0.2
19,0.7,2,48,0.2369983535744825,0,0.6163292860780942,2,0,0.8,0.2
19,0.7,2,49,0.2369983535744825,0,0.6163292860780942,1,1,0.8,0.2
19,0.7,2,50,0.7710995060723447,0,0.8237841695228032,1,1,0.8,0.2
20,0.7,2.5,1,0,0,0.5,1,1,0.8,0.2
20,0.7,2.5,2,0.7,0,0.8519528019683106,1,0,0.8,0.2
20,0.7,2.5,3,0.21000000000000002,0,0.6283161882953663,1,1,0.8,0.2
20,0.7,2.5,4,0.7629999999999999,0,0.87073802526571,2,0,0.8,0.2
20,0.7,2.5,5,0.7629999999999999,0,0.87073802526571,1,0,0.8,0.2
20,0.7,2.5,6,0.2289,0,0.6392821886427232,1,0,0.8,0.2
20,0.7,2.5,7,0.06867000000000001,0,0.5428136501993931,2,0,0.8,0.2
20,0.7,2.5,8,0.06867000000000001,0,0.5428136501993931,2,0,0.8,0.2
20,0.7,2.5,9,0.06867000000000001,0,0.5428136501993931,2,0,0.8,0.2
20,0.7,2.5,10,0.06867000000000001,0,0.5428136501993931,1,0,0.8,0.2
20,0.7,2.5,11,0.020601000000000008,0,0.512872779697053,2,0,0.8,0.2
20,0.7,2.5,12,0.020601000000000008,0,0.512872779697053,2,1,0.8,0.2
20,0.7,2.5,13,0.020601000000000008,0.7,0.1546616021129137,2,0,0.8,0.2
20,0.7,2.5,14,0.020601000000000008,0.21000000000000002,0.3837887670401836,2,0,0.8,0.2
20,0.7,2.5,15,0.020601000000000008,0.06300000000000003,0.473525408232995,1,1,0.8,0.2
20,0.7,2.5,16,0.7061803,0.06300000000000003,0.8331266805912858,1,1,0.8,0.2
20,0.7,2.5,17,0.91185409,0.06300000000000003,0.8930360631059573,1,0,0.8,0.2
20,0.7,2.5,18,0.27355622700000004,0.06300000000000003,0.628640876427868,1,0,0.8,0.2
20,0.7,2.5,19,0.08206686810000002,0.06300000000000003,0.5119145366709982,1,0,0.8,0.2
20,0.7,2.5,20,0.024620060430000014,0.06300000000000003,0.47603092396998087,2,1,0.8,0.2
20,0.7,2.5,21,0.024620060430000014,0.7189,0.1498599576952888,2,0,0.8,0.2
20,0.7,2.5,22,0.024620060430000014,0.21567000000000003,0.3828131392046051,2,0,0.8,0.2
20,0.7,2.5,23,0.024620060430000014,0.06470100000000001,0.4749703518026327,2,1,0.8,0.2
20,0.7,2.5,24,0.024620060430000014,0.7194103,0.14969749724826734,2,0,0.8,0.2
20,0.7,2.5,25,0.024620060430000014,0.21582309,0.3827227178818383,2,0,0.8,0.2
20,0.7,2.5,26,0.024620060430000014,0.06474692700000001,0.47494171944119407,1,1,0.8,0.2
20,0.7,2.5,27,0.7073860181289999,0.06474692700000001,0.8329384897042109,1,1,0.8,0.2
20,0.7,2.5,28,0.9122158054387,0.06474692700000001,0.892704814868004,2,0,0.8,0.2
20,0.7,2.5,29,0.9122158054387,0.019424078100000006,0.9030847325626893,1,0,0.8,0.2
20,0.7,2.5,30,0.27366474163161003,0.019424078100000006,0.6537585339732443,1,1,0.8,0.2
20,0.7,2.5,31,0.7820994224894829,0.019424078100000006,0.8706466451096303,1,1,0.8,0.2
20,0.7,2.5,32,0.9346298267468449,0.019424078100000006,0.9078795178738491,1,1,0.8,0.2
20,0.7,2.5,33,0.9803889480240535,0.019424078100000006,0.9170110590459332,1,1,0.8,0.2
20,0.7,2.5,34,0.994116684407216,0.019424078100000006,0.9195857217632353,1,0,0.8,0.2
20,0.7,2.5,35,0.29823500532216485,0.019424078100000006,0.6675283611135141,1,1,0.8,0.2
20,0.7,2.5,36,0.7894705015966494,0.019424078100000006,0.8727078553150022,1,0,0.8,0.2
20,0.7,2.5,37,0.2368411504789949,0.019424078100000006,0.6326361500958493,1,1,0.8,0.2
20,0.7,2.5,38,0.7710523451436985,0.019424078100000006,0.8675043449529898,1,1,0.8,0.2
20,0.7,2.5,39,0.9313157035431096,0.019424078100000006,0.9071842362849268,1,1,0.8,0.2
20,0.7,2.5,40,0.9793947110629329,0.019424078100000006,0.9168217048762891,1,0,0.8,0.2
20,0.7,2.5,41,0.2938184133188799,0.019424078100000006,0.6650733623290641,2,0,0.8,0.2
20,0.7,2.5,42,0.2938184133188799,0.005827223430000002,0.6726021669329894,1,1,0.8,0.2
20,0.7,2.5,43,0.788145523995664,0.005827223430000002,0.8760772355643505,1,1,0.8,0.2
20,0.7,2.5,44,0.9364436571986992,0.005827223430000002,0.9110514358220664,1,1,0.8,0.2
20,0.7,2.5,45,0.9809330971596097,0.005827223430000002,0.9196620892155091,1,1,0.8,0.2
20,0.7,2.5,46,0.9942799291478829,0.005827223430000002,0.9220931067345757,1,1,0.8,0.2
20,0.7,2.5,47,0.9982839787443649,0.005827223430000002,0.9228091765875728,1,0,0.8,0.2
20,0.7,2.5,48,0.2994851936233095,0.005827223430000002,0.6757141880883453,1,0,0.8,0.2
20,0.7,2.5,49,0.08984555808699285,0.005827223430000002,0.5523192432933346,1,1,0.8,0.2
20,0.7,2.5,50,0.7269536674260979,0.005827223430000002,0.8584913926862802,1,1,0.8,0.2
21,0.9,0.5,1,0,0,0.5,1,1,0.8,0.2
21,0.9,0.5,2,0.9,0,0.610639233949222,1,1,0.8,0.2
21,0.9,0.5,3,0.99,0,0.6212835951910678,2,0,0.8,0.2
21,0.9,0.5,4,0.99,0,0.6212835951910678,1,1,0.8,0.2
21,0.9,0.5,5,0.999,0,0.6223418221531621,2,0,0.8,0.2
21,0.9,0.5,6,0.999,0,0.6223418221531621,1,1,0.8,0.2
21,0.9,0.5,7,0.9999,0,0.6224475809443004,1,1,0.8,0.2
21,0.9,0.5,8,0.99999,0,0.622458156182574,2,0,0.8,0.2
21,0.9,0.5,9,0.99999,0,0.622458156182574,2,1,0.8,0.2
21,0.9,0.5,10,0.99999,0.9,0.5124961472650569,2,0,0.8,0.2
21,0.9,0.5,11,0.99999,0.08999999999999997,0.6118261815278755,1,1,0.8,0.2
21,0.9,0.5,12,0.999999,0.08999999999999997,0.6118272502544108,1,1,0.8,0.2
21,0.9,0.5,13,0.9999998999999999,0.08999999999999997,0.6118273571270051,1,1,0.8,0.2
21,0.9,0.5,14,0.99999999,0.08999999999999997,0.611827367814264,1,0,0.8,0.2
21,0.9,0.5,15,0.099999999,0.08999999999999997,0.5012499972708406,2,0,0.8,0.2
21,0.9,0.5,16,0.099999999,0.008999999999999994,0.5113730378567714,2,0,0.8,0.2
21,0.9,0.5,17,0.099999999,8.999999999999998e-4,0.5123849660121088,1,1,0.8,0.2
21,0.9,0.5,18,0.9099999999,8.999999999999998e-4,0.6117204910255241,1,1,0.8,0.2
21,0.9,0.5,19,0.99099999999,8.999999999999998e-4,0.6212953596330241,2,0,0.8,0.2
21,0.9,0.5,20,0.99099999999,8.999999999999991e-5,0.6213906463622685,1,1,0.8,0.2
21,0.9,0.5,21,0.999099999999,8.999999999999991e-5,0.6223429973147185,2,1,0.8,0.2
21,0.9,0.5,22,0.999099999999,0.9000090000000001,0.5123838418270878,1,1,0.8,0.2
21,0.9,0.5,23,0.9999099999999,0.9000090000000001,0.5124850292077031,2,0,0.8,0.2
21,0.9,0.5,24,0.9999099999999,0.09000089999999994,0.6118165748154979,1,1,0.8,0.2
21,0.9,0.5,25,0.99999099999999,0.09000089999999994,0.6118261934026195,1,0,0.8,0.2
21,0.9,0.5,26,0.09999909999999901,0.09000089999999994,0.5012497723972457,2,0,0.8,0.2
21,0.9,0.5,27,0.09999909999999901,0.009000089999999988,0.5113729142957322,1,1,0.8,0.2
21,0.9,0.5,28,0.9099999099999999,0.009000089999999988,0.6107580854547596,2,1,0.8,0.2
21,0.9,0.5,29,0.9099999099999999,0.900900009,0.5011374856626436,2,0,0.8,0.2
21,0.9,0.5,30,0.9099999099999999,0.09009000089999997,0.6010770777452972,1,0,0.8,0.2
21,0.9,0.5,31,0.090999991,0.09009000089999997,0.5001137487605377,2,0,0.8,0.2
21,0.9,0.5,32,0.090999991,0.009009000089999997,0.5102474387239836,1,1,0.8,0.2
21,0.9,0.5,33,0.9090999991000001,0.009009000089999997,0.610650051809748,1,1,0.8,0.2
21,0.9,0.5,34,0.99090999991,0.009009000089999997,0.620330320255617,1,1,0.8,0.2
21,0.9,0.5,35,0.999090999991,0.009009000089999997,0.6212932420333206,1,1,0.8,0.2
21,0.9,0.5,36,0.9999090999991,0.009009000089999997,0.6213894817937129,1,1,0.8,0.2
21,0.9,0.5,37,0.99999090999991,0.009009000089999997,0.621399105244228,2,0,0.8,0.2
21,0.9,0.5,38,0.99999090999991,9.00900009e-4,0.6223523997305492,1,1,0.8,0.2
21,0.9,0.5,39,0.999999090999991,9.00900009e-4,0.6223533611198439,2,1,0.8,0.2
21,0.9,0.5,40,0.999999090999991,0.9000900900009,0.5124860287089705,2,1,0.8,0.2
21,0.9,0.5,41,0.999999090999991,0.99000900900009,0.5012487576535682,1,1,0.8,0.2
21,0.9,0.5,42,0.9999999090999991,0.99000900900009,0.5012488599154312,1,1,0.8,0.2
21,0.9,0.5,43,0.9999999909099999,0.99000900900009,0.5012488701416176,2,0,0.8,0.2
21,0.9,0.5,44,0.9999999909099999,0.09900090090000901,0.6107579986835278,2,0,0.8,0.2
21,0.9,0.5,45,0.9999999909099999,0.009900090090000896,0.6212953479662964,1,1,0.8,0.2
21,0.9,0.5,46,0.999999999091,0.009900090090000896,0.6212953489287398,1,0,0.8,0.2
21,0.9,0.5,47,0.09999999990910002,0.009900090090000896,0.5112605843469408,1,1,0.8,0.2
21,0.9,0.5,48,0.90999999999091,0.009900090090000896,0.6106511111206372,2,0,0.8,0.2
21,0.9,0.5,49,0.90999999999091,9.90009009000089e-4,0.6117098015787396,1,0,0.8,0.2
21,0.9,0.5,50,0.09099999999909103,9.90009009000089e-4,0.511249350188517,2,1,0.8,0.2
22,0.9,1,1,0,0,0.5,1,1,0.8,0.2
22,0.9,1,2,0.9,0,0.7109495026250039,1,1,0.8,0.2
22,0.9,1,3,0.99,0,0.7290879223493065,1,1,0.8,0.2
22,0.9,1,4,0.999,0,0.7308619212737824,1,1,0.8,0.2
22,0.9,1,5,0.9999,0,0.7310389169823979,2,0,0.8,0.2
22,0.9,1,6,0.9999,0,0.7310389169823979,1,1,0.8,0.2
22,0.9,1,7,0.99999,0,0.7310566125061296,1,1,0.8,0.2
22,0.9,1,8,0.999999,0,0.7310583820180263,1,1,0.8,0.2
22,0.9,1,9,0.9999998999999999,0,0.7310585589688111,2,1,0.8,0.2
22,0.9,1,10,0.9999998999999999,0.9,0.5249791625413359,1,1,0.8,0.2
22,0.9,1,11,0.99999999,0.9,0.5249791849851796,2,0,0.8,0.2
22,0.9,1,12,0.99999999,0.08999999999999997,0.7130001607059724,2,0,0.8,0.2
22,0.9,1,13,0.99999999,0.008999999999999994,0.7292853938436153,1,0,0.8,0.2
22,0.9,1,14,0.099999999,0.008999999999999994,0.5227343133444683,2,0,0.8,0.2
22,0.9,1,15,0.099999999,8.999999999999998e-4,0.5247547437627552,2,0,0.8,0.2
22,0.9,1,16,0.099999999,8.999999999999991e-5,0.5249567433355039,2,1,0.8,0.2
22,0.9,1,17,0.099999999,0.9000090000000001,0.31002359347450154,1,0,0.8,0.2
22,0.9,1,18,0.0099999999,0.9000090000000001,0.29110797013267314,2,0,0.8,0.2
22,0.9,1,19,0.0099999999,0.09000089999999994,0.4800104351790786,2,0,0.8,0.2
22,0.9,1,20,0.0099999999,0.009000089999999988,0.5002499774541723,1,1,0.8,0.2
22,0.9,1,21,0.90099999999,0.009000089999999988,0.7093027113025067,1,1,0.8,0.2
22,0.9,1,22,0.990099999999,0.009000089999999988,0.7273264080008732,1,0,0.8,0.2
22,0.9,1,23,0.09900999999990001,0.009000089999999988,0.5224872972810518,2,0,0.8,0.2
22,0.9,1,24,0.09900999999990001,9.000089999999985e-4,0.5245078424062551,1,1,0.8,0.2
22,0.9,1,25,0.90990099999999,9.000089999999985e-4,0.7127956911185391,1,1,0.8,0.2
22,0.9,1,26,0.990990099999999,9.000089999999985e-4,0.729105716641391,2,0,0.8,0.2
22,0.9,1,27,0.990990099999999,9.000089999999978e-5,0.7292656721105348,2,0,0.8,0.2
22,0.9,1,28,0.990990099999999,9.000089999999981e-6,0.7292816643908413,1,0,0.8,0.2
22,0.9,1,29,0.09909900999999988,9.000089999999981e-6,0.524752252610927,1,1,0.8,0.2
22,0.9,1,30,0.909909901,9.000089999999981e-6,0.7129798835852281,2,0,0.8,0.2
22,0.9,1,31,0.909909901,9.000089999999978e-7,0.7129815411794548,2,1,0.8,0.2
22,0.9,1,32,0.909909901,0.9000000900009,0.5024774324752536,2,0,0.8,0.2
22,0.9,1,33,0.909909901,0.09000000900008998,0.6942172123458668,2,0,0.8,0.2
22,0.9,1,34,0.909909901,0.009000000900008992,0.7111364514787858,1,1,0.8,0.2
22,0.9,1,35,0.9909909901,0.009000000900008992,0.7275030934355693,2,0,0.8,0.2
22,0.9,1,36,0.9909909901,9.000000900008989e-4,0.7291058942053326,1,1,0.8,0.2
22,0.9,1,37,0.99909909901,9.000000900008989e-4,0.7307043526845771,1,1,0.8,0.2
22,0.9,1,38,0.999909909901,9.000000900008989e-4,0.7308638705566292,1,0,0.8,0.2
22,0.9,1,39,0.0999909909901,9.000000900008989e-4,0.5247524972574187,2,0,0.8,0.2
22,0.9,1,40,0.0999909909901,9.000000900008986e-5,0.5249544969408196,2,0,0.8,0.2
22,0.9,1,41,0.0999909909901,9.000000900008978e-6,0.5249746964611187,1,1,0.8,0.2
22,0.9,1,42,0.90999909909901,9.000000900008978e-6,0.7129981367172409,2,0,0.8,0.2
22,0.9,1,43,0.90999909909901,9.000000900008978e-7,0.7129997942320762,2,1,0.8,0.2
22,0.9,1,44,0.90999909909901,0.900000090000009,0.5024997314478177,1,1,0.8,0.2
22,0.9,1,45,0.99099990990990094,0.900000090000009,0.5227342686645037,1,1,0.8,0.2
22,0.9,1,46,0.9990999909909901,0.900000090000009,0.5247547193205601,2,0,0.8,0.2
22,0.9,1,47,0.9990999909909901,0.09000000900000094,0.712815955928733,2,0,0.8,0.2
22,0.9,1,48,0.9990999909909901,0.009000000900000096,0.7291076718120669,2,1,0.8,0.2
22,0.9,1,49,0.9990999909909901,0.90090000009,0.5245302882749724,1,1,0.8,0.2
22,0.9,1,50,0.9999099990990991,0.90090000009,0.5247322988667945,1,1,0.8,0.2
23,0.9,1.5,1,0,0,0.5,2,0,0.8,0.2
23,0.9,1.5,2,0,0,0.5,1,1,0.8,0.2
23,0.9,1.5,3,0.9,0,0.7941296281990528,1,1,0.8,0.2
23,0.9,1.5,4,0.99,0,0.8153266136030829,1,1,0.8,0.2
23,0.9,1.5,5,0.999,0,0.8173506499352455,1,1,0.8,0.2
23,0.9,1.5,6,0.9999,0,0.8175521031601094,1,1,0.8,0.2
23,0.9,1.5,7,0.99999,0,0.8175722389862055,1,1,0.8,0.2
23,0.9,1.5,8,0.999999,0,0.8175742524738591,1,1,0.8,0.2
23,0.9,1.5,9,0.9999998999999999,0,0.8175744538216748,1,1,0.8,0.2
23,0.9,1.5,10,0.99999999,0,0.8175744739564468,1,0,0.8,0.2
23,0.9,1.5,11,0.099999999,0,0.537429844970851,1,1,0.8,0.2
23,0.9,1.5,12,0.9099999999,0,0.7965711270666258,1,1,0.8,0.2
23,0.9,1.5,13,0.99099999999,0,0.8155523604726345,1,1,0.8,0.2
23,0.9,1.5,14,0.999099999999,0,0.8173730421537996,1,1,0.8,0.2
23,0.9,1.5,15,0.9999099999999,0,0.8175543405593563,2,0,0.8,0.2
23,0.9,1.5,16,0.9999099999999,0,0.8175543405593563,1,1,0.8,0.2
23,0.9,1.5,17,0.99999099999999,0,0.8175724627079062,1,1,0.8,0.2
23,0.9,1.5,18,0.999999099999999,0,0.8175742748458469,1,1,0.8,0.2
23,0.9,1.5,19,0.9999999099999999,0,0.8175744560588718,1,1,0.8,0.2
23,0.9,1.5,20,0.999999991,0,0.8175744741801666,1,1,0.8,0.2
23,0.9,1.5,21,0.9999999991,0,0.8175744759922959,1,1,0.8,0.2
23,0.9,1.5,22,0.99999999991,0,0.8175744761735089,1,1,0.8,0.2
23,0.9,1.5,23,0.999999999991,0,0.8175744761916302,1,1,0.8,0.2
23,0.9,1.5,24,0.9999999999991,0,0.8175744761934424,2,0,0.8,0.2
23,0.9,1.5,25,0.9999999999991,0,0.8175744761934424,1,1,0.8,0.2
23,0.9,1.5,26,0.99999999999991,0,0.8175744761936236,2,0,0.8,0.2
23,0.9,1.5,27,0.99999999999991,0,0.8175744761936236,2,1,0.8,0.2
23,0.9,1.5,28,0.99999999999991,0.9,0.537429845343716,1,1,0.8,0.2
23,0.9,1.5,29,0.999999999999991,0.9,0.5374298453437462,1,0,0.8,0.2
23,0.9,1.5,30,0.09999999999999909,0.9,0.23147521650098207,2,0,0.8,0.2
23,0.9,1.5,31,0.09999999999999909,0.08999999999999997,0.5037499296890816,1,1,0.8,0.2
23,0.9,1.5,32,0.9099999999999999,0.08999999999999997,0.7738185742694538,1,1,0.8,0.2
23,0.9,1.5,33,0.991,0.08999999999999997,0.7943747516487116,1,0,0.8,0.2
23,0.9,1.5,34,0.09909999999999997,0.08999999999999997,0.5034124470155262,2,1,0.8,0.2
23,0.9,1.5,35,0.09909999999999997,0.909,0.2288440245330504,2,1,0.8,0.2
23,0.9,1.5,36,0.09909999999999997,0.9909,0.20788854717080144,2,0,0.8,0.2
23,0.9,1.5,37,0.09909999999999997,0.09909000000000001,0.50000375,2,1,0.8,0.2
23,0.9,1.5,38,0.09909999999999997,0.909909,0.22860349060599472,2,0,0.8,0.2
23,0.9,1.5,39,0.09909999999999997,0.09099089999999999,0.5030408750075274,1,1,0.8,0.2
23,0.9,1.5,40,0.90991,0.09099089999999999,0.7735346741217864,1,1,0.8,0.2
23,0.9,1.5,41,0.990991,0.09099089999999999,0.7941296527222159,1,1,0.8,0.2
23,0.9,1.5,42,0.9990991,0.09099089999999999,0.7961109033804723,1,1,0.8,0.2
23,0.9,1.5,43,0.99990991,0.09099089999999999,0.796308246277404,2,0,0.8,0.2
23,0.9,1.5,44,0.99990991,0.00909908999999999,0.8155096700656227,1,1,0.8,0.2
23,0.9,1.5,45,0.999990991,0.00909908999999999,0.815527967761829,1,1,0.8,0.2
23,0.9,1.5,46,0.9999990991,0.00909908999999999,0.815529797454213,1,1,0.8,0.2
23,0.9,1.5,47,0.99999990991,0.00909908999999999,0.8155299804226789,1,0,0.8,0.2
23,0.9,1.5,48,0.09999999099099999,0.00909908999999999,0.5340351233288434,2,0,0.8,0.2
23,0.9,1.5,49,0.09999999099099999,9.099089999999987e-4,0.5370905209915242,2,1,0.8,0.2
23,0.9,1.5,50,0.09999999099099999,0.9000909909,0.23145093482416515,2,0,0.8,0.2
24,0.9,2,1,0,0,0.5,1,1,0.8,0.2
24,0.9,2,2,0.9,0,0.8581489350995123,1,1,0.8,0.2
24,0.9,2,3,0.99,0,0.8786811621082631,2,0,0.8,0.2
24,0.9,2,4,0.99,0,0.8786811621082631,1,1,0.8,0.2
24,0.9,2,5,0.999,0,0.880586930830285,1,1,0.8,0.2
24,0.9,2,6,0.9999,0,0.8807760776614999,1,1,0.8,0.2
24,0.9,2,7,0.99999,0,0.8807949780901819,2,0,0.8,0.2
24,0.9,2,8,0.99999,0,0.8807949780901819,1,1,0.8,0.2
24,0.9,2,9,0.999999,0,0.8807968679905517,1,1,0.8,0.2
24,0.9,2,10,0.9999998999999999,0,0.8807970569791638,1,1,0.8,0.2
24,0.9,2,11,0.99999999,0,0.8807970758780107,2,0,0.8,0.2
24,0.9,2,12,0.99999999,0,0.8807970758780107,1,1,0.8,0.2
24,0.9,2,13,0.999999999,0,0.8807970777678953,1,1,0.8,0.2
24,0.9,2,14,0.9999999999,0,0.8807970779568837,1,1,0.8,0.2
24,0.9,2,15,0.99999999999,0,0.8807970779757827,1,1,0.8,0.2
24,0.9,2,16,0.999999999999,0,0.8807970779776725,1,1,0.8,0.2
24,0.9,2,17,0.9999999999999,0,0.8807970779778616,1,1,0.8,0.2
24,0.9,2,18,0.99999999999999,0,0.8807970779778803,1,1,0.8,0.2
24,0.9,2,19,0.999999999999999,0,0.8807970779778822,1,0,0.8,0.2
24,0.9,2,20,0.09999999999999987,0,0.5498339973124778,2,0,0.8,0.2
24,0.9,2,21,0.09999999999999987,0,0.5498339973124778,2,1,0.8,0.2
24,0.9,2,22,0.09999999999999987,0.9,0.16798161486607546,2,1,0.8,0.2
24,0.9,2,23,0.09999999999999987,0.99,0.1443031340905187,1,1,0.8,0.2
24,0.9,2,24,0.91,0.99,0.46008511544443437,2,0,0.8,0.2
24,0.9,2,25,0.91,0.09899999999999998,0.8350707695939024,1,1,0.8,0.2
24,0.9,2,26,0.991,0.09899999999999998,0.856190082467852,1,1,0.8,0.2
24,0.9,2,27,0.9991,0.09899999999999998,0.8581732792237241,1,1,0.8,0.2
24,0.9,2,28,0.99991,0.09899999999999998,0.8583703381203539,1,1,0.8,0.2
24,0.9,2,29,0.999991,0.09899999999999998,0.8583900314305184,2,1,0.8,0.2
24,0.9,2,30,0.999991,0.9099,0.5449240254358839,1,1,0.8,0.2
24,0.9,2,31,0.9999991,0.9099,0.5449280427386377,1,1,0.8,0.2
24,0.9,2,32,0.99999991,0.9099,0.5449284444685913,2,0,0.8,0.2
24,0.9,2,33,0.99999991,0.09099000000000002,0.86032835145437,1,0,0.8,0.2
24,0.9,2,34,0.09999999100000001,0.09099000000000002,0.5045048735988735,2,0,0.8,0.2
24,0.9,2,35,0.09999999100000001,0.009098999999999996,0.5453257222181723,1,1,0.8,0.2
24,0.9,2,36,0.9099999991000001,0.009098999999999996,0.8583681496147944,1,0,0.8,0.2
24,0.9,2,37,0.09099999990999996,0.009098999999999996,0.5408591827312439,1,1,0.8,0.2
24,0.9,2,38,0.909099999991,0.009098999999999996,0.8581491785558273,1,1,0.8,0.2
24,0.9,2,39,0.9909099999991,0.009098999999999996,0.8769244016205294,2,1,0.8,0.2
24,0.9,2,40,0.9909099999991,0.9009099,0.5448789419703103,1,0,0.8,0.2
24,0.9,2,41,0.09909099999991,0.9009099,0.16747379605570703,2,0,0.8,0.2
24,0.9,2,42,0.09909099999991,0.09009098999999998,0.5044998835034865,1,1,0.8,0.2
24,0.9,2,43,0.909909099999991,0.09009098999999998,0.8374854317361257,2,1,0.8,0.2
24,0.9,2,44,0.909909099999991,0.909009099,0.5004500003784951,1,1,0.8,0.2
24,0.9,2,45,0.9909909099999991,0.909009099,0.540899318187276,1,0,0.8,0.2
24,0.9,2,46,0.09909909099999992,0.909009099,0.1652296936795501,2,0,0.8,0.2
24,0.9,2,47,0.09909909099999992,0.0909009099,0.5040989987189399,2,1,0.8,0.2
24,0.9,2,48,0.09909909099999992,0.90909009099,0.16520735262831174,2,1,0.8,0.2
24,0.9,2,49,0.09909909099999992,0.990909009099,0.1438567329171551,2,0,0.8,0.2
24,0.9,2,50,0.09909909099999992,0.09909090090990003,0.5000040950450498,1,1,0.8,0.2
25,0.9,2.5,1,0,0,0.5,2,0,0.8,0.2
25,0.9,2.5,2,0,0,0.5,1,1,0.8,0.2
25,0.9,2.5,3,0.9,0,0.9046505351008906,1,1,0.8,0.2
25,0.9,2.5,4,0.99,0,0.9223705374435115,1,0,0.8,0.2
25,0.9,2.5,5,0.09899999999999998,0,0.5615610703361955,2,0,0.8,0.2
25,0.9,2.5,6,0.09899999999999998,0,0.5615610703361955,2,0,0.8,0.2
25,0.9,2.5,7,0.09899999999999998,0,0.5615610703361955,2,0,0.8,0.2
25,0.9,2.5,8,0.09899999999999998,0,0.5615610703361955,1,1,0.8,0.2
25,0.9,2.5,9,0.9099,0,0.9067641433344582,1,1,0.8,0.2
25,0.9,2.5,10,0.99099,0,0.922547570033622,1,1,0.8,0.2
25,0.9,2.5,11,0.999099,0,0.9239837604172114,1,1,0.8,0.2
25,0.9,2.5,12,0.9999099,0,0.9241260276079007,1,1,0.8,0.2
25,0.9,2.5,13,0.99999099,0,0.9241402408774549,1,1,0.8,0.2
25,0.9,2.5,14,0.9999990990000001,0,0.924141662069984,1,1,0.8,0.2
25,0.9,2.5,15,0.9999999099,0,0.9241418041878928,1,1,0.8,0.2
25,0.9,2.5,16,0.99999999099,0,0.9241418183996701,1,1,0.8,0.2
25,0.9,2.5,17,0.9999999990990001,0,0.9241418198208479,1,0,0.8,0.2
25,0.9,2.5,18,0.09999999990989994,0,0.5621765008303563,1,0,0.8,0.2
25,0.9,2.5,19,0.009999999990989994,0,0.50624967449388,1,1,0.8,0.2
25,0.9,2.5,20,0.900999999999099,0,0.9048659619181592,1,1,0.8,0.2
25,0.9,2.5,21,0.9900999999999099,0,0.9223884363356859,1,1,0.8,0.2
25,0.9,2.5,22,0.999009999999991,0,0.9239681310388292,1,1,0.8,0.2
25,0.9,2.5,23,0.999900999999999,0,0.9241244674874205,1,0,0.8,0.2
25,0.9,2.5,24,0.09999009999999986,0,0.5621704090578761,2,1,0.8,0.2
25,0.9,2.5,25,0.09999009999999986,0.9,0.11920032345536967,2,0,0.8,0.2
25,0.9,2.5,26,0.09999009999999986,0.08999999999999997,0.50624348796525,2,0,0.8,0.2
25,0.9,2.5,27,0.09999009999999986,0.008999999999999994,0.5566248517885665,1,1,0.8,0.2
25,0.9,2.5,28,0.90999901,0.008999999999999994,0.9048657488613462,1,1,0.8,0.2
25,0.9,2.5,29,0.990999901,0.008999999999999994,0.920926305106953,1,1,0.8,0.2
25,0.9,2.5,30,0.9990999901,0.008999999999999994,0.9223884345638987,1,1,0.8,0.2
25,0.9,2.5,31,0.99990999901,0.008999999999999994,0.9225332779387773,1,1,0.8,0.2
25,0.9,2.5,32,0.999990999901,0.008999999999999994,0.9225477486496262,1,1,0.8,0.2
25,0.9,2.5,33,0.9999990999901001,0.008999999999999994,0.9225491955845136,1,1,0.8,0.2
25,0.9,2.5,34,0.99999990999901,0.008999999999999994,0.9225493402766404,1,1,0.8,0.2
25,0.9,2.5,35,0.999999990999901,0.008999999999999994,0.9225493547458395,1,1,0.8,0.2
25,0.9,2.5,36,0.9999999990999902,0.008999999999999994,0.9225493561927594,1,1,0.8,0.2
25,0.9,2.5,37,0.999999999909999,0.008999999999999994,0.9225493563374512,1,0,0.8,0.2
25,0.9,2.5,38,0.09999999999099984,0.008999999999999994,0.5566309599167004,2,1,0.8,0.2
25,0.9,2.5,39,0.09999999999099984,0.9009,0.1189668887839025,2,0,0.8,0.2
25,0.9,2.5,40,0.09999999999099984,0.09009,0.5061934332031853,1,1,0.8,0.2
25,0.9,2.5,41,0.9099999999991,0.09009,0.8859248817476287,1,1,0.8,0.2
25,0.9,2.5,42,0.99099999999991,0.09009,0.904846591354459,1,1,0.8,0.2
25,0.9,2.5,43,0.999099999999991,0.09009,0.9065758649877452,1,1,0.8,0.2
25,0.9,2.5,44,0.9999099999999991,0.09009,0.9067472333725017,1,1,0.8,0.2
25,0.9,2.5,45,0.9999909999999999,0.09009,0.9067643546915725,1,1,0.8,0.2
25,0.9,2.5,46,0.9999991,0.09009,0.9067660666683559,1,1,0.8,0.2
25,0.9,2.5,47,0.99999991,0.09009,0.9067662378644832,1,1,0.8,0.2
25,0.9,2.5,48,0.999999991,0.09009,0.9067662549840803,1,1,0.8,0.2
25,0.9,2.5,49,0.9999999991,0.09009,0.9067662566960398,1,1,0.8,0.2
25,0.9,2.5,50,0.99999999991,0.09009,0.9067662568672358,1,1,0.8,0.2
