Generation,ID,group,gene_CD,payoff,offspring
0,0,0,C,1.0,0
0,1,0,C,1.0,1
0,2,0,C,1.0,0
0,3,0,C,1.0,0
0,4,1,C,1.0,2
0,5,1,C,1.0,0
0,6,1,C,1.0,1
0,7,1,C,1.0,1
0,8,2,C,1.0,0
0,9,2,C,1.0,0
0,10,2,C,1.0,2
0,11,2,C,1.0,1
0,12,3,D,1.5,1
0,13,3,C,0.5,1
0,14,3,C,0.5,0
0,15,3,C,0.5,0
0,16,4,C,0.5,0
0,17,4,D,1.5,3
0,18,4,C,0.5,1
0,19,4,C,0.5,0
0,20,5,C,1.0,1
0,21,5,C,1.0,2
0,22,5,C,1.0,1
0,23,5,C,1.0,3
0,24,6,C,0.5,1
0,25,6,D,1.5,1
0,26,6,C,0.5,1
0,27,6,C,0.5,1
0,28,7,C,1.0,1
0,29,7,C,1.0,1
0,30,7,C,1.0,3
0,31,7,C,1.0,0
0,32,8,C,1.0,1
0,33,8,C,1.0,0
0,34,8,C,1.0,1
0,35,8,C,1.0,3
0,36,9,C,0.5,0
0,37,9,C,0.5,1
0,38,9,C,0.5,0
0,39,9,D,1.5,2
0,40,10,C,1.0,0
0,41,10,C,1.0,2
0,42,10,C,1.0,1
0,43,10,C,1.0,1
0,44,11,C,1.0,0
0,45,11,C,1.0,1
0,46,11,C,1.0,2
0,47,11,C,1.0,1
0,48,12,C,1.0,2
0,49,12,C,1.0,2
0,50,12,C,1.0,2
0,51,12,C,1.0,0
0,52,13,D,1.5,2
0,53,13,C,0.5,3
0,54,13,C,0.5,0
0,55,13,C,0.5,1
0,56,14,D,1.5,1
0,57,14,C,0.5,1
0,58,14,C,0.5,1
0,59,14,C,0.5,0
0,60,15,C,0.5,1
0,61,15,C,0.5,1
0,62,15,C,0.5,0
0,63,15,D,1.5,1
0,64,16,C,1.0,1
0,65,16,C,1.0,1
0,66,16,C,1.0,0
0,67,16,C,1.0,0
0,68,17,C,0.5,0
0,69,17,D,1.5,1
0,70,17,C,0.5,0
0,71,17,C,0.5,0
0,72,18,C,1.0,1
0,73,18,C,1.0,1
0,74,18,C,1.0,0
0,75,18,C,1.0,2
0,76,19,C,1.0,3
0,77,19,C,1.0,1
0,78,19,C,1.0,0
0,79,19,C,1.0,1
0,80,20,C,1.0,1
0,81,20,C,1.0,3
0,82,20,C,1.0,0
0,83,20,C,1.0,3
0,84,21,C,0.5,1
0,85,21,C,0.5,2
0,86,21,C,0.5,1
0,87,21,D,1.5,2
0,88,22,C,0.5,2
0,89,22,D,1.5,2
0,90,22,C,0.5,1
0,91,22,C,0.5,0
0,92,23,C,1.0,2
0,93,23,C,1.0,2
0,94,23,C,1.0,0
0,95,23,C,1.0,0
0,96,24,C,0.5,1
0,97,24,C,0.5,0
0,98,24,D,1.5,0
0,99,24,C,0.5,1
1,0,0,C,1.0,1
1,1,0,C,1.0,0
1,2,0,C,1.0,1
1,3,0,C,1.0,1
1,4,1,C,0.5,2
1,5,1,D,1.5,0
1,6,1,C,0.5,0
1,7,1,C,0.5,1
1,8,2,C,0.5,2
1,9,2,D,1.5,2
1,10,2,C,0.5,1
1,11,2,C,0.5,0
1,12,3,C,0.0,0
1,13,3,D,1.0,2
1,14,3,D,1.0,1
1,15,3,C,0.0,0
1,16,4,C,0.5,2
1,17,4,C,0.5,0
1,18,4,C,0.5,0
1,19,4,D,1.5,3
1,20,5,C,1.0,1
1,21,5,C,1.0,2
1,22,5,C,1.0,1
1,23,5,C,1.0,1
1,24,6,C,0.5,0
1,25,6,C,0.5,1
1,26,6,D,1.5,4
1,27,6,C,0.5,2
1,28,7,C,1.0,3
1,29,7,C,1.0,2
1,30,7,C,1.0,1
1,31,7,C,1.0,1
1,32,8,C,1.0,2
1,33,8,C,1.0,1
1,34,8,C,1.0,0
1,35,8,C,1.0,4
1,36,9,C,1.0,1
1,37,9,C,1.0,0
1,38,9,C,1.0,2
1,39,9,C,1.0,0
1,40,10,C,0.5,0
1,41,10,C,0.5,0
1,42,10,C,0.5,0
1,43,10,D,1.5,2
1,44,11,C,0.5,1
1,45,11,D,1.5,4
1,46,11,C,0.5,0
1,47,11,C,0.5,1
1,48,12,C,1.0,0
1,49,12,C,1.0,0
1,50,12,C,1.0,3
1,51,12,C,1.0,0
1,52,13,C,0.5,0
1,53,13,C,0.5,0
1,54,13,C,0.5,1
1,55,13,D,1.5,1
1,56,14,C,1.0,2
1,57,14,C,1.0,1
1,58,14,C,1.0,1
1,59,14,C,1.0,2
1,60,15,D,1.5,0
1,61,15,C,0.5,1
1,62,15,C,0.5,0
1,63,15,C,0.5,0
1,64,16,C,0.5,1
1,65,16,C,0.5,0
1,66,16,D,1.5,1
1,67,16,C,0.5,0
1,68,17,C,0.5,0
1,69,17,C,0.5,1
1,70,17,C,0.5,2
1,71,17,D,1.5,0
1,72,18,C,1.0,2
1,73,18,C,1.0,1
1,74,18,C,1.0,3
1,75,18,C,1.0,0
1,76,19,C,1.0,2
1,77,19,C,1.0,1
1,78,19,C,1.0,2
1,79,19,C,1.0,1
1,80,20,C,1.0,1
1,81,20,C,1.0,0
1,82,20,C,1.0,1
1,83,20,C,1.0,3
1,84,21,C,1.0,0
1,85,21,C,1.0,0
1,86,21,C,1.0,2
1,87,21,C,1.0,2
1,88,22,C,0.5,1
1,89,22,D,1.5,1
1,90,22,C,0.5,1
1,91,22,C,0.5,0
1,92,23,D,1.5,0
1,93,23,C,0.5,0
1,94,23,C,0.5,0
1,95,23,C,0.5,3
1,96,24,C,0.0,0
1,97,24,D,1.0,0
1,98,24,C,0.0,0
1,99,24,D,1.0,0
2,0,0,C,0.0,0
2,1,0,C,0.0,0
2,2,0,D,1.0,1
2,3,0,D,1.0,2
2,4,1,C,1.0,0
2,5,1,C,1.0,0
2,6,1,C,1.0,2
2,7,1,C,1.0,0
2,8,2,C,1.0,0
2,9,2,C,1.0,2
2,10,2,C,1.0,0
2,11,2,C,1.0,3
2,12,3,C,0.5,0
2,13,3,D,1.5,2
2,14,3,C,0.5,1
2,15,3,C,0.5,0
2,16,4,C,0.5,1
2,17,4,C,0.5,1
2,18,4,D,1.5,2
2,19,4,C,0.5,1
2,20,5,D,1.0,0
2,21,5,D,1.0,1
2,22,5,C,0.0,0
2,23,5,C,0.0,1
2,24,6,C,0.0,0
2,25,6,D,1.0,0
2,26,6,C,0.0,0
2,27,6,D,1.0,2
2,28,7,C,1.0,2
2,29,7,C,1.0,0
2,30,7,C,1.0,3
2,31,7,C,1.0,1
2,32,8,C,1.0,0
2,33,8,C,1.0,1
2,34,8,C,1.0,0
2,35,8,C,1.0,1
2,36,9,D,1.0,2
2,37,9,C,0.0,0
2,38,9,D,1.0,4
2,39,9,C,0.0,0
2,40,10,C,1.0,2
2,41,10,C,1.0,1
2,42,10,C,1.0,0
2,43,10,C,1.0,2
2,44,11,C,0.0,0
2,45,11,D,1.0,2
2,46,11,C,0.0,0
2,47,11,D,1.0,1
2,48,12,C,1.0,1
2,49,12,C,1.0,2
2,50,12,C,1.0,0
2,51,12,C,1.0,2
2,52,13,C,0.5,0
2,53,13,C,0.5,1
2,54,13,C,0.5,1
2,55,13,D,1.5,1
2,56,14,C,1.0,2
2,57,14,C,1.0,0
2,58,14,C,1.0,0
2,59,14,C,1.0,2
2,60,15,C,0.5,3
2,61,15,D,1.5,4
2,62,15,C,0.5,2
2,63,15,C,0.5,1
2,64,16,C,0.5,0
2,65,16,C,0.5,2
2,66,16,D,1.5,0
2,67,16,C,0.5,2
2,68,17,C,0.5,1
2,69,17,C,0.5,1
2,70,17,D,1.5,0
2,71,17,C,0.5,0
2,72,18,C,0.5,1
2,73,18,C,0.5,2
2,74,18,D,1.5,2
2,75,18,C,0.5,1
2,76,19,C,0.5,1
2,77,19,D,1.5,3
2,78,19,C,0.5,1
2,79,19,C,0.5,0
2,80,20,C,1.0,2
2,81,20,C,1.0,0
2,82,20,C,1.0,0
2,83,20,C,1.0,2
2,84,21,D,1.0,1
2,85,21,C,0.0,0
2,86,21,C,0.0,0
2,87,21,D,1.0,1
2,88,22,C,0.5,0
2,89,22,D,1.5,3
2,90,22,C,0.5,1
2,91,22,C,0.5,1
2,92,23,C,1.0,0
2,93,23,C,1.0,3
2,94,23,C,1.0,0
2,95,23,C,1.0,1
2,96,24,C,1.0,0
2,97,24,C,1.0,1
2,98,24,C,1.0,0
2,99,24,C,1.0,1
3,0,0,C,0.5,1
3,1,0,D,1.5,2
3,2,0,C,0.5,1
3,3,0,C,0.5,0
3,4,1,C,0.5,0
3,5,1,C,0.5,1
3,6,1,D,1.5,0
3,7,1,C,0.5,0
3,8,2,C,0.0,1
3,9,2,C,0.0,1
3,10,2,D,1.0,0
3,11,2,D,1.0,1
3,12,3,C,0.5,2
3,13,3,C,0.5,1
3,14,3,D,1.5,2
3,15,3,C,0.5,0
3,16,4,C,1.0,2
3,17,4,C,1.0,2
3,18,4,C,1.0,0
3,19,4,C,1.0,3
3,20,5,C,0.5,1
3,21,5,C,0.5,1
3,22,5,D,1.5,2
3,23,5,C,0.5,0
3,24,6,C,1.0,2
3,25,6,C,1.0,1
3,26,6,C,1.0,0
3,27,6,C,1.0,2
3,28,7,C,0.5,2
3,29,7,C,0.5,0
3,30,7,C,0.5,0
3,31,7,D,1.5,1
3,32,8,C,1.0,0
3,33,8,C,1.0,0
3,34,8,C,1.0,2
3,35,8,C,1.0,1
3,36,9,C,1.0,0
3,37,9,C,1.0,3
3,38,9,C,1.0,0
3,39,9,C,1.0,1
3,40,10,D,1.5,3
3,41,10,C,0.5,0
3,42,10,C,0.5,1
3,43,10,C,0.5,1
3,44,11,C,0.5,1
3,45,11,C,0.5,0
3,46,11,D,1.5,2
3,47,11,C,0.5,1
3,48,12,D,0.0,1
3,49,12,D,0.0,1
3,50,12,D,0.0,1
3,51,12,D,0.0,0
3,52,13,D,1.5,3
3,53,13,C,0.5,1
3,54,13,C,0.5,2
3,55,13,C,0.5,2
3,56,14,C,0.0,0
3,57,14,D,1.0,2
3,58,14,D,1.0,2
3,59,14,C,0.0,0
3,60,15,C,0.5,0
3,61,15,D,1.5,1
3,62,15,C,0.5,0
3,63,15,C,0.5,0
3,64,16,C,0.5,0
3,65,16,C,0.5,0
3,66,16,C,0.5,1
3,67,16,D,1.5,2
3,68,17,C,0.0,0
3,69,17,D,1.0,1
3,70,17,C,0.0,1
3,71,17,D,1.0,2
3,72,18,C,1.0,0
3,73,18,C,1.0,0
3,74,18,C,1.0,0
3,75,18,C,1.0,1
3,76,19,D,0.5,3
3,77,19,C,-0.5,0
3,78,19,D,0.5,2
3,79,19,D,0.5,0
3,80,20,C,0.5,1
3,81,20,C,0.5,2
3,82,20,D,1.5,2
3,83,20,C,0.5,3
3,84,21,D,0.0,0
3,85,21,D,0.0,0
3,86,21,D,0.0,1
3,87,21,D,0.0,1
3,88,22,C,0.0,1
3,89,22,C,0.0,0
3,90,22,D,1.0,0
3,91,22,D,1.0,3
3,92,23,C,-0.5,0
3,93,23,D,0.5,0
3,94,23,D,0.5,2
3,95,23,D,0.5,1
3,96,24,C,1.0,0
3,97,24,C,1.0,4
3,98,24,C,1.0,1
3,99,24,C,1.0,1
4,0,0,D,1.0,0
4,1,0,C,0.0,0
4,2,0,D,1.0,1
4,3,0,C,0.0,1
4,4,1,C,0.0,2
4,5,1,D,1.0,0
4,6,1,D,1.0,3
4,7,1,C,0.0,0
4,8,2,C,0.0,1
4,9,2,D,1.0,1
4,10,2,D,1.0,0
4,11,2,C,0.0,1
4,12,3,D,1.0,2
4,13,3,C,0.0,0
4,14,3,D,1.0,1
4,15,3,C,0.0,0
4,16,4,C,0.5,3
4,17,4,C,0.5,1
4,18,4,D,1.5,3
4,19,4,C,0.5,0
4,20,5,C,0.0,0
4,21,5,D,1.0,2
4,22,5,D,1.0,2
4,23,5,C,0.0,0
4,24,6,D,1.5,4
4,25,6,C,0.5,0
4,26,6,C,0.5,1
4,27,6,C,0.5,3
4,28,7,C,0.0,0
4,29,7,C,0.0,0
4,30,7,D,1.0,1
4,31,7,D,1.0,0
4,32,8,C,0.5,1
4,33,8,C,0.5,1
4,34,8,D,1.5,2
4,35,8,C,0.5,0
4,36,9,D,0.5,1
4,37,9,D,0.5,2
4,38,9,D,0.5,1
4,39,9,C,-0.5,0
4,40,10,D,1.0,1
4,41,10,D,1.0,2
4,42,10,C,0.0,0
4,43,10,C,0.0,1
4,44,11,C,0.0,0
4,45,11,D,1.0,2
4,46,11,D,1.0,1
4,47,11,C,0.0,0
4,48,12,C,1.0,3
4,49,12,C,1.0,3
4,50,12,C,1.0,0
4,51,12,C,1.0,3
4,52,13,C,1.0,2
4,53,13,C,1.0,0
4,54,13,C,1.0,4
4,55,13,C,1.0,2
4,56,14,C,0.5,1
4,57,14,D,1.5,0
4,58,14,C,0.5,0
4,59,14,C,0.5,1
4,60,15,C,0.0,1
4,61,15,D,1.0,1
4,62,15,C,0.0,0
4,63,15,D,1.0,1
4,64,16,D,1.0,3
4,65,16,D,1.0,1
4,66,16,C,0.0,0
4,67,16,C,0.0,1
4,68,17,C,0.0,0
4,69,17,D,1.0,0
4,70,17,D,1.0,1
4,71,17,C,0.0,2
4,72,18,C,0.5,1
4,73,18,C,0.5,0
4,74,18,D,1.5,0
4,75,18,C,0.5,2
4,76,19,C,0.0,0
4,77,19,D,1.0,0
4,78,19,C,0.0,1
4,79,19,D,1.0,0
4,80,20,D,1.0,2
4,81,20,D,1.0,1
4,82,20,C,0.0,0
4,83,20,C,0.0,1
4,84,21,C,0.5,0
4,85,21,D,1.5,5
4,86,21,C,0.5,1
4,87,21,C,0.5,1
4,88,22,C,-0.5,0
4,89,22,D,0.5,1
4,90,22,D,0.5,1
4,91,22,D,0.5,0
4,92,23,C,0.0,0
4,93,23,C,0.0,0
4,94,23,D,1.0,0
4,95,23,D,1.0,1
4,96,24,C,-0.5,0
4,97,24,D,0.5,2
4,98,24,D,0.5,2
4,99,24,D,0.5,0
5,0,0,D,1.5,3
5,1,0,C,0.5,1
5,2,0,C,0.5,1
5,3,0,C,0.5,2
5,4,1,C,0.5,0
5,5,1,C,0.5,2
5,6,1,D,1.5,3
5,7,1,C,0.5,0
5,8,2,D,0.5,2
5,9,2,D,0.5,2
5,10,2,C,-0.5,0
5,11,2,D,0.5,1
5,12,3,D,1.0,2
5,13,3,D,1.0,0
5,14,3,C,0.0,0
5,15,3,C,0.0,1
5,16,4,D,0.5,0
5,17,4,D,0.5,2
5,18,4,C,-0.5,1
5,19,4,D,0.5,1
5,20,5,C,0.0,1
5,21,5,C,0.0,0
5,22,5,D,1.0,1
5,23,5,D,1.0,2
5,24,6,C,0.0,1
5,25,6,C,0.0,0
5,26,6,D,1.0,1
5,27,6,D,1.0,0
5,28,7,C,0.0,1
5,29,7,D,1.0,3
5,30,7,C,0.0,0
5,31,7,D,1.0,1
5,32,8,C,-0.5,0
5,33,8,D,0.5,0
5,34,8,D,0.5,2
5,35,8,D,0.5,4
5,36,9,C,0.5,1
5,37,9,D,1.5,1
5,38,9,C,0.5,1
5,39,9,C,0.5,4
5,40,10,D,0.5,2
5,41,10,D,0.5,0
5,42,10,C,-0.5,0
5,43,10,D,0.5,1
5,44,11,C,0.5,0
5,45,11,D,1.5,2
5,46,11,C,0.5,3
5,47,11,C,0.5,0
5,48,12,D,0.0,0
5,49,12,D,0.0,0
5,50,12,D,0.0,0
5,51,12,D,0.0,2
5,52,13,D,0.5,0
5,53,13,C,-0.5,0
5,54,13,D,0.5,1
5,55,13,D,0.5,1
5,56,14,D,0.5,0
5,57,14,D,0.5,1
5,58,14,D,0.5,2
5,59,14,C,-0.5,0
5,60,15,D,0.5,1
5,61,15,D,0.5,1
5,62,15,C,-0.5,0
5,63,15,D,0.5,0
5,64,16,C,0.0,0
5,65,16,C,0.0,2
5,66,16,D,1.0,3
5,67,16,D,1.0,2
5,68,17,C,0.5,1
5,69,17,C,0.5,1
5,70,17,D,1.5,3
5,71,17,C,0.5,2
5,72,18,D,0.0,0
5,73,18,D,0.0,2
5,74,18,D,0.0,1
5,75,18,D,0.0,0
5,76,19,D,1.5,2
5,77,19,C,0.5,1
5,78,19,C,0.5,0
5,79,19,C,0.5,0
5,80,20,D,0.5,2
5,81,20,D,0.5,1
5,82,20,D,0.5,0
5,83,20,C,-0.5,0
5,84,21,D,0.0,0
5,85,21,D,0.0,0
5,86,21,D,0.0,0
5,87,21,D,0.0,1
5,88,22,C,1.0,2
5,89,22,C,1.0,2
5,90,22,C,1.0,1
5,91,22,C,1.0,0
5,92,23,C,0.5,1
5,93,23,C,0.5,0
5,94,23,C,0.5,0
5,95,23,D,1.5,2
5,96,24,D,1.0,1
5,97,24,C,0.0,0
5,98,24,C,0.0,1
5,99,24,D,1.0,1
6,0,0,D,1.0,1
6,1,0,C,0.0,0
6,2,0,D,1.0,1
6,3,0,C,0.0,1
6,4,1,C,0.0,0
6,5,1,C,0.0,2
6,6,1,D,1.0,1
6,7,1,D,1.0,1
6,8,2,D,0.5,0
6,9,2,D,0.5,0
6,10,2,C,-0.5,0
6,11,2,D,0.5,1
6,12,3,C,-0.5,0
6,13,3,D,0.5,5
6,14,3,D,0.5,0
6,15,3,D,0.5,0
6,16,4,D,1.0,0
6,17,4,C,0.0,1
6,18,4,C,0.0,0
6,19,4,D,1.0,1
6,20,5,D,0.5,1
6,21,5,D,0.5,2
6,22,5,C,-0.5,0
6,23,5,D,0.5,0
6,24,6,C,0.0,0
6,25,6,D,1.0,1
6,26,6,D,1.0,1
6,27,6,C,0.0,1
6,28,7,D,0.0,0
6,29,7,D,0.0,0
6,30,7,D,0.0,1
6,31,7,D,0.0,3
6,32,8,C,-0.5,0
6,33,8,D,0.5,1
6,34,8,D,0.5,1
6,35,8,D,0.5,3
6,36,9,C,-0.5,0
6,37,9,D,0.5,2
6,38,9,D,0.5,0
6,39,9,D,0.5,1
6,40,10,C,0.5,0
6,41,10,D,1.5,3
6,42,10,C,0.5,3
6,43,10,C,0.5,0
6,44,11,D,0.5,1
6,45,11,C,-0.5,0
6,46,11,D,0.5,0
6,47,11,D,0.5,1
6,48,12,D,1.0,1
6,49,12,C,0.0,0
6,50,12,D,1.0,3
6,51,12,C,0.0,3
6,52,13,D,0.5,0
6,53,13,C,-0.5,0
6,54,13,D,0.5,0
6,55,13,D,0.5,3
6,56,14,D,0.0,0
6,57,14,D,0.0,1
6,58,14,D,0.0,1
6,59,14,D,0.0,1
6,60,15,C,0.5,1
6,61,15,C,0.5,2
6,62,15,C,0.5,1
6,63,15,D,1.5,7
6,64,16,D,1.0,1
6,65,16,D,1.0,1
6,66,16,C,0.0,0
6,67,16,C,0.0,0
6,68,17,C,0.0,0
6,69,17,D,1.0,4
6,70,17,C,0.0,1
6,71,17,D,1.0,1
6,72,18,D,1.0,1
6,73,18,D,1.0,2
6,74,18,C,0.0,0
6,75,18,C,0.0,1
6,76,19,D,0.0,1
6,77,19,D,0.0,1
6,78,19,D,0.0,0
6,79,19,D,0.0,0
6,80,20,D,0.5,2
6,81,20,D,0.5,0
6,82,20,D,0.5,3
6,83,20,C,-0.5,0
6,84,21,D,0.5,0
6,85,21,D,0.5,4
6,86,21,C,-0.5,1
6,87,21,D,0.5,0
6,88,22,D,1.0,2
6,89,22,C,0.0,0
6,90,22,D,1.0,1
6,91,22,C,0.0,1
6,92,23,D,0.5,2
6,93,23,D,0.5,0
6,94,23,C,-0.5,0
6,95,23,D,0.5,1
6,96,24,D,0.5,3
6,97,24,C,-0.5,0
6,98,24,D,0.5,0
6,99,24,D,0.5,1
7,0,0,D,0.0,0
7,1,0,D,0.0,0
7,2,0,D,0.0,1
7,3,0,D,0.0,2
7,4,1,D,0.5,3
7,5,1,C,-0.5,0
7,6,1,D,0.5,2
7,7,1,D,0.5,2
7,8,2,D,0.0,0
7,9,2,D,0.0,2
7,10,2,D,0.0,1
7,11,2,D,0.0,1
7,12,3,C,0.0,1
7,13,3,D,1.0,2
7,14,3,C,0.0,0
7,15,3,D,1.0,3
7,16,4,D,0.0,1
7,17,4,D,0.0,1
7,18,4,D,0.0,0
7,19,4,D,0.0,1
7,20,5,D,0.0,0
7,21,5,D,0.0,0
7,22,5,D,0.0,0
7,23,5,D,0.0,0
7,24,6,D,0.0,1
7,25,6,D,0.0,2
7,26,6,D,0.0,0
7,27,6,D,0.0,0
7,28,7,D,0.5,1
7,29,7,C,-0.5,0
7,30,7,D,0.5,4
7,31,7,D,0.5,3
7,32,8,D,0.0,0
7,33,8,D,0.0,0
7,34,8,D,0.0,0
7,35,8,D,0.0,0
7,36,9,D,0.0,1
7,37,9,D,0.0,0
7,38,9,D,0.0,3
7,39,9,D,0.0,1
7,40,10,D,1.0,5
7,41,10,C,0.0,1
7,42,10,C,0.0,1
7,43,10,D,1.0,1
7,44,11,C,-0.5,0
7,45,11,D,0.5,1
7,46,11,D,0.5,1
7,47,11,D,0.5,2
7,48,12,C,-0.5,0
7,49,12,D,0.5,0
7,50,12,D,0.5,2
7,51,12,D,0.5,0
7,52,13,C,1.0,2
7,53,13,C,1.0,0
7,54,13,C,1.0,1
7,55,13,C,1.0,1
7,56,14,C,-0.5,0
7,57,14,D,0.5,1
7,58,14,D,0.5,1
7,59,14,D,0.5,0
7,60,15,D,0.0,2
7,61,15,D,0.0,2
7,62,15,D,0.0,1
7,63,15,D,0.0,2
7,64,16,D,1.0,2
7,65,16,D,1.0,2
7,66,16,C,0.0,2
7,67,16,C,0.0,1
7,68,17,D,0.0,1
7,69,17,D,0.0,2
7,70,17,D,0.0,1
7,71,17,D,0.0,1
7,72,18,D,0.0,2
7,73,18,D,0.0,3
7,74,18,D,0.0,0
7,75,18,D,0.0,0
7,76,19,D,0.0,0
7,77,19,D,0.0,1
7,78,19,D,0.0,1
7,79,19,D,0.0,1
7,80,20,C,-0.5,0
7,81,20,D,0.5,1
7,82,20,D,0.5,1
7,83,20,D,0.5,0
7,84,21,D,0.0,0
7,85,21,D,0.0,0
7,86,21,D,0.0,1
7,87,21,D,0.0,0
7,88,22,C,0.5,1
7,89,22,C,0.5,2
7,90,22,D,1.5,1
7,91,22,C,0.5,2
7,92,23,D,0.0,0
7,93,23,D,0.0,0
7,94,23,D,0.0,1
7,95,23,D,0.0,2
7,96,24,C,-0.5,0
7,97,24,D,0.5,1
7,98,24,D,0.5,1
7,99,24,D,0.5,0
8,0,0,D,1.5,3
8,1,0,C,0.5,4
8,2,0,C,0.5,2
8,3,0,C,0.5,0
8,4,1,D,1.0,0
8,5,1,C,0.0,2
8,6,1,C,0.0,1
8,7,1,D,1.0,1
8,8,2,D,0.5,0
8,9,2,C,-0.5,0
8,10,2,D,0.5,0
8,11,2,D,0.5,3
8,12,3,D,0.0,1
8,13,3,D,0.0,0
8,14,3,D,0.0,0
8,15,3,D,0.0,0
8,16,4,D,0.0,2
8,17,4,D,0.0,2
8,18,4,D,0.0,1
8,19,4,D,0.0,1
8,20,5,D,0.5,1
8,21,5,D,0.5,2
8,22,5,C,-0.5,0
8,23,5,D,0.5,1
8,24,6,C,0.0,1
8,25,6,C,0.0,3
8,26,6,D,1.0,3
8,27,6,D,1.0,1
8,28,7,D,0.0,0
8,29,7,D,0.0,1
8,30,7,D,0.0,1
8,31,7,D,0.0,0
8,32,8,D,0.0,1
8,33,8,D,0.0,2
8,34,8,D,0.0,1
8,35,8,D,0.0,0
8,36,9,C,0.0,2
8,37,9,C,0.0,0
8,38,9,D,1.0,2
8,39,9,D,1.0,1
8,40,10,D,0.0,0
8,41,10,D,0.0,0
8,42,10,D,0.0,0
8,43,10,D,0.0,2
8,44,11,D,0.0,2
8,45,11,D,0.0,1
8,46,11,D,0.0,1
8,47,11,D,0.0,1
8,48,12,D,0.0,2
8,49,12,D,0.0,2
8,50,12,D,0.0,0
8,51,12,D,0.0,2
8,52,13,D,0.0,2
8,53,13,D,0.0,0
8,54,13,D,0.0,0
8,55,13,D,0.0,0
8,56,14,D,0.5,2
8,57,14,D,0.5,0
8,58,14,C,-0.5,0
8,59,14,D,0.5,2
8,60,15,D,0.0,0
8,61,15,D,0.0,1
8,62,15,D,0.0,1
8,63,15,D,0.0,0
8,64,16,D,0.0,0
8,65,16,D,0.0,2
8,66,16,D,0.0,0
8,67,16,D,0.0,1
8,68,17,D,0.0,1
8,69,17,D,0.0,1
8,70,17,D,0.0,0
8,71,17,D,0.0,1
8,72,18,C,-0.5,0
8,73,18,D,0.5,2
8,74,18,D,0.5,2
8,75,18,D,0.5,2
8,76,19,D,0.5,1
8,77,19,D,0.5,3
8,78,19,C,-0.5,0
8,79,19,D,0.5,0
8,80,20,D,0.0,1
8,81,20,D,0.0,1
8,82,20,D,0.0,0
8,83,20,D,0.0,1
8,84,21,D,0.0,0
8,85,21,D,0.0,0
8,86,21,D,0.0,1
8,87,21,D,0.0,0
8,88,22,D,0.0,2
8,89,22,D,0.0,0
8,90,22,D,0.0,1
8,91,22,D,0.0,1
8,92,23,C,-0.5,0
8,93,23,D,0.5,2
8,94,23,D,0.5,0
8,95,23,D,0.5,1
8,96,24,D,0.0,2
8,97,24,D,0.0,1
8,98,24,D,0.0,1
8,99,24,D,0.0,2
9,0,0,D,0.0,1
9,1,0,D,0.0,2
9,2,0,D,0.0,1
9,3,0,D,0.0,3
9,4,1,D,0.5,0
9,5,1,D,0.5,0
9,6,1,C,-0.5,0
9,7,1,D,0.5,2
9,8,2,D,0.0,1
9,9,2,D,0.0,1
9,10,2,D,0.0,0
9,11,2,D,0.0,0
9,12,3,D,0.5,0
9,13,3,C,-0.5,0
9,14,3,D,0.5,2
9,15,3,D,0.5,1
9,16,4,C,0.0,0
9,17,4,C,0.0,1
9,18,4,D,1.0,2
9,19,4,D,1.0,3
9,20,5,D,0.5,3
9,21,5,C,-0.5,0
9,22,5,D,0.5,1
9,23,5,D,0.5,3
9,24,6,C,-0.5,1
9,25,6,D,0.5,1
9,26,6,D,0.5,1
9,27,6,D,0.5,3
9,28,7,D,0.0,1
9,29,7,D,0.0,0
9,30,7,D,0.0,1
9,31,7,D,0.0,0
9,32,8,D,0.5,2
9,33,8,D,0.5,2
9,34,8,D,0.5,0
9,35,8,C,-0.5,0
9,36,9,D,0.0,1
9,37,9,D,0.0,1
9,38,9,D,0.0,1
9,39,9,D,0.0,1
9,40,10,D,0.0,1
9,41,10,D,0.0,0
9,42,10,D,0.0,1
9,43,10,D,0.0,2
9,44,11,D,0.0,0
9,45,11,D,0.0,2
9,46,11,D,0.0,1
9,47,11,D,0.0,3
9,48,12,D,0.0,0
9,49,12,D,0.0,4
9,50,12,D,0.0,1
9,51,12,D,0.0,1
9,52,13,C,-0.5,0
9,53,13,D,0.5,2
9,54,13,D,0.5,1
9,55,13,D,0.5,0
9,56,14,D,0.0,0
9,57,14,D,0.0,0
9,58,14,D,0.0,3
9,59,14,D,0.0,0
9,60,15,D,0.0,0
9,61,15,D,0.0,0
9,62,15,D,0.0,0
9,63,15,D,0.0,1
9,64,16,D,0.0,0
9,65,16,D,0.0,2
9,66,16,D,0.0,0
9,67,16,D,0.0,1
9,68,17,D,0.0,0
9,69,17,D,0.0,0
9,70,17,D,0.0,2
9,71,17,D,0.0,0
9,72,18,C,-0.5,1
9,73,18,D,0.5,2
9,74,18,D,0.5,0
9,75,18,D,0.5,1
9,76,19,C,-0.5,0
9,77,19,D,0.5,3
9,78,19,D,0.5,3
9,79,19,D,0.5,4
9,80,20,D,0.0,1
9,81,20,D,0.0,0
9,82,20,D,0.0,1
9,83,20,D,0.0,0
9,84,21,D,1.0,1
9,85,21,D,1.0,3
9,86,21,C,0.0,0
9,87,21,C,0.0,0
9,88,22,C,-0.5,0
9,89,22,D,0.5,1
9,90,22,D,0.5,0
9,91,22,D,0.5,1
9,92,23,C,0.0,0
9,93,23,D,1.0,3
9,94,23,D,1.0,2
9,95,23,C,0.0,0
9,96,24,D,0.5,0
9,97,24,C,-0.5,0
9,98,24,D,0.5,2
9,99,24,D,0.5,0
10,0,0,D,0.0,1
10,1,0,D,0.0,0
10,2,0,D,0.0,0
10,3,0,D,0.0,1
10,4,1,D,0.0,0
10,5,1,D,0.0,0
10,6,1,D,0.0,2
10,7,1,D,0.0,0
10,8,2,D,0.0,2
10,9,2,D,0.0,2
10,10,2,D,0.0,1
10,11,2,D,0.0,1
10,12,3,D,0.0,0
10,13,3,D,0.0,1
10,14,3,D,0.0,0
10,15,3,D,0.0,0
10,16,4,D,0.0,1
10,17,4,D,0.0,0
10,18,4,D,0.0,2
10,19,4,D,0.0,1
10,20,5,D,0.0,1
10,21,5,D,0.0,1
10,22,5,D,0.0,1
10,23,5,D,0.0,1
10,24,6,D,0.0,2
10,25,6,D,0.0,1
10,26,6,D,0.0,1
10,27,6,D,0.0,0
10,28,7,D,0.0,1
10,29,7,D,0.0,0
10,30,7,D,0.0,1
10,31,7,D,0.0,2
10,32,8,D,0.0,2
10,33,8,D,0.0,0
10,34,8,D,0.0,1
10,35,8,D,0.0,0
10,36,9,D,0.0,1
10,37,9,D,0.0,2
10,38,9,D,0.0,1
10,39,9,D,0.0,2
10,40,10,D,0.5,0
10,41,10,D,0.5,2
10,42,10,C,-0.5,0
10,43,10,D,0.5,0
10,44,11,D,0.0,0
10,45,11,D,0.0,1
10,46,11,D,0.0,0
10,47,11,D,0.0,1
10,48,12,D,0.0,1
10,49,12,D,0.0,0
10,50,12,D,0.0,1
10,51,12,D,0.0,3
10,52,13,D,0.0,3
10,53,13,D,0.0,1
10,54,13,D,0.0,0
10,55,13,D,0.0,1
10,56,14,D,0.5,2
10,57,14,D,0.5,1
10,58,14,D,0.5,3
10,59,14,C,-0.5,0
10,60,15,D,0.0,1
10,61,15,D,0.0,2
10,62,15,D,0.0,0
10,63,15,D,0.0,3
10,64,16,D,0.0,0
10,65,16,D,0.0,3
10,66,16,D,0.0,0
10,67,16,D,0.0,4
10,68,17,D,0.0,1
10,69,17,D,0.0,0
10,70,17,D,0.0,4
10,71,17,D,0.0,2
10,72,18,D,0.0,0
10,73,18,D,0.0,0
10,74,18,D,0.0,0
10,75,18,D,0.0,2
10,76,19,D,0.0,2
10,77,19,D,0.0,1
10,78,19,D,0.0,1
10,79,19,D,0.0,1
10,80,20,D,0.0,2
10,81,20,D,0.0,0
10,82,20,D,0.0,0
10,83,20,D,0.0,0
10,84,21,D,0.5,1
10,85,21,D,0.5,1
10,86,21,C,-0.5,0
10,87,21,D,0.5,3
10,88,22,D,0.0,0
10,89,22,D,0.0,0
10,90,22,D,0.0,0
10,91,22,D,0.0,2
10,92,23,D,0.0,0
10,93,23,D,0.0,0
10,94,23,D,0.0,0
10,95,23,D,0.0,2
10,96,24,D,0.0,0
10,97,24,D,0.0,2
10,98,24,D,0.0,3
10,99,24,D,0.0,1
11,0,0,D,0.0,3
11,1,0,D,0.0,0
11,2,0,D,0.0,2
11,3,0,D,0.0,1
11,4,1,D,0.0,1
11,5,1,D,0.0,0
11,6,1,D,0.0,1
11,7,1,D,0.0,0
11,8,2,D,0.0,0
11,9,2,D,0.0,0
11,10,2,D,0.0,1
11,11,2,D,0.0,0
11,12,3,D,0.0,4
11,13,3,D,0.0,1
11,14,3,D,0.0,0
11,15,3,D,0.0,1
11,16,4,D,0.0,2
11,17,4,D,0.0,0
11,18,4,D,0.0,4
11,19,4,D,0.0,1
11,20,5,D,0.0,1
11,21,5,D,0.0,1
11,22,5,D,0.0,1
11,23,5,D,0.0,0
11,24,6,C,-0.5,1
11,25,6,D,0.5,2
11,26,6,D,0.5,2
11,27,6,D,0.5,3
11,28,7,D,0.0,0
11,29,7,D,0.0,1
11,30,7,D,0.0,2
11,31,7,D,0.0,0
11,32,8,D,0.0,0
11,33,8,D,0.0,0
11,34,8,D,0.0,0
11,35,8,D,0.0,0
11,36,9,D,0.0,0
11,37,9,D,0.0,1
11,38,9,D,0.0,0
11,39,9,D,0.0,2
11,40,10,D,0.0,0
11,41,10,D,0.0,0
11,42,10,D,0.0,1
11,43,10,D,0.0,2
11,44,11,D,0.0,1
11,45,11,D,0.0,4
11,46,11,D,0.0,0
11,47,11,D,0.0,0
11,48,12,D,0.0,2
11,49,12,D,0.0,0
11,50,12,D,0.0,0
11,51,12,D,0.0,0
11,52,13,C,-0.5,0
11,53,13,D,0.5,1
11,54,13,D,0.5,0
11,55,13,D,0.5,2
11,56,14,D,0.0,0
11,57,14,D,0.0,0
11,58,14,D,0.0,2
11,59,14,D,0.0,2
11,60,15,D,0.0,1
11,61,15,D,0.0,0
11,62,15,D,0.0,0
11,63,15,D,0.0,0
11,64,16,D,0.0,1
11,65,16,D,0.0,0
11,66,16,D,0.0,1
11,67,16,D,0.0,1
11,68,17,D,0.0,1
11,69,17,D,0.0,2
11,70,17,D,0.0,1
11,71,17,D,0.0,1
11,72,18,D,0.0,1
11,73,18,D,0.0,2
11,74,18,D,0.0,2
11,75,18,D,0.0,3
11,76,19,D,0.0,1
11,77,19,D,0.0,1
11,78,19,D,0.0,1
11,79,19,D,0.0,2
11,80,20,D,0.0,3
11,81,20,D,0.0,1
11,82,20,D,0.0,2
11,83,20,D,0.0,0
11,84,21,D,0.0,1
11,85,21,D,0.0,1
11,86,21,D,0.0,0
11,87,21,D,0.0,1
11,88,22,D,0.0,1
11,89,22,D,0.0,1
11,90,22,D,0.0,0
11,91,22,D,0.0,0
11,92,23,D,0.0,1
11,93,23,D,0.0,2
11,94,23,D,0.0,2
11,95,23,D,0.0,3
11,96,24,D,0.0,0
11,97,24,D,0.0,0
11,98,24,D,0.0,1
11,99,24,D,0.0,2
12,0,0,D,0.0,0
12,1,0,D,0.0,4
12,2,0,D,0.0,0
12,3,0,D,0.0,0
12,4,1,D,0.0,0
12,5,1,D,0.0,0
12,6,1,D,0.0,2
12,7,1,D,0.0,1
12,8,2,D,0.0,2
12,9,2,D,0.0,1
12,10,2,D,0.0,1
12,11,2,D,0.0,3
12,12,3,D,0.0,2
12,13,3,D,0.0,0
12,14,3,D,0.0,2
12,15,3,D,0.0,1
12,16,4,D,0.0,1
12,17,4,D,0.0,2
12,18,4,D,0.0,0
12,19,4,D,0.0,1
12,20,5,D,0.0,1
12,21,5,D,0.0,0
12,22,5,D,0.0,0
12,23,5,D,0.0,3
12,24,6,D,0.0,1
12,25,6,D,0.0,1
12,26,6,D,0.0,0
12,27,6,D,0.0,0
12,28,7,D,0.0,0
12,29,7,D,0.0,1
12,30,7,D,0.0,1
12,31,7,D,0.0,1
12,32,8,D,0.0,2
12,33,8,D,0.0,0
12,34,8,D,0.0,1
12,35,8,D,0.0,0
12,36,9,D,0.0,1
12,37,9,D,0.0,1
12,38,9,D,0.0,0
12,39,9,D,0.0,1
12,40,10,D,0.0,2
12,41,10,D,0.0,1
12,42,10,D,0.0,1
12,43,10,D,0.0,0
12,44,11,C,0.0,1
12,45,11,C,0.0,1
12,46,11,D,1.0,0
12,47,11,D,1.0,1
12,48,12,D,0.0,0
12,49,12,D,0.0,0
12,50,12,D,0.0,1
12,51,12,D,0.0,0
12,52,13,D,0.0,1
12,53,13,D,0.0,0
12,54,13,D,0.0,1
12,55,13,D,0.0,1
12,56,14,D,0.0,1
12,57,14,D,0.0,1
12,58,14,D,0.0,0
12,59,14,D,0.0,1
12,60,15,D,0.0,1
12,61,15,D,0.0,1
12,62,15,D,0.0,0
12,63,15,D,0.0,3
12,64,16,D,0.0,0
12,65,16,D,0.0,1
12,66,16,D,0.0,1
12,67,16,D,0.0,5
12,68,17,D,0.0,1
12,69,17,D,0.0,3
12,70,17,D,0.0,1
12,71,17,D,0.0,2
12,72,18,D,0.5,0
12,73,18,D,0.5,2
12,74,18,C,-0.5,0
12,75,18,D,0.5,1
12,76,19,D,0.0,2
12,77,19,D,0.0,0
12,78,19,D,0.0,0
12,79,19,D,0.0,2
12,80,20,D,0.0,0
12,81,20,D,0.0,1
12,82,20,D,0.0,1
12,83,20,D,0.0,1
12,84,21,D,0.0,0
12,85,21,D,0.0,1
12,86,21,D,0.0,0
12,87,21,D,0.0,1
12,88,22,D,0.0,1
12,89,22,D,0.0,4
12,90,22,D,0.0,1
12,91,22,D,0.0,1
12,92,23,D,0.0,1
12,93,23,D,0.0,1
12,94,23,D,0.0,1
12,95,23,D,0.0,1
12,96,24,D,0.0,1
12,97,24,D,0.0,1
12,98,24,D,0.0,1
12,99,24,D,0.0,3
13,0,0,D,0.0,0
13,1,0,D,0.0,0
13,2,0,D,0.0,0
13,3,0,D,0.0,2
13,4,1,D,0.0,2
13,5,1,D,0.0,0
13,6,1,D,0.0,1
13,7,1,D,0.0,0
13,8,2,D,0.0,1
13,9,2,D,0.0,1
13,10,2,D,0.0,1
13,11,2,D,0.0,0
13,12,3,D,0.5,0
13,13,3,D,0.5,0
13,14,3,D,0.5,2
13,15,3,C,-0.5,0
13,16,4,D,0.0,0
13,17,4,D,0.0,3
13,18,4,D,0.0,1
13,19,4,D,0.0,1
13,20,5,D,0.0,0
13,21,5,D,0.0,2
13,22,5,D,0.0,1
13,23,5,D,0.0,1
13,24,6,D,0.0,0
13,25,6,D,0.0,3
13,26,6,D,0.0,0
13,27,6,D,0.0,1
13,28,7,D,0.0,0
13,29,7,D,0.0,3
13,30,7,D,0.0,1
13,31,7,D,0.0,1
13,32,8,D,0.0,0
13,33,8,D,0.0,0
13,34,8,D,0.0,0
13,35,8,D,0.0,0
13,36,9,D,0.0,0
13,37,9,D,0.0,1
13,38,9,D,0.0,0
13,39,9,D,0.0,0
13,40,10,D,0.0,0
13,41,10,D,0.0,0
13,42,10,D,0.0,2
13,43,10,D,0.0,0
13,44,11,D,0.0,1
13,45,11,D,0.0,1
13,46,11,D,0.0,3
13,47,11,D,0.0,1
13,48,12,D,0.0,1
13,49,12,D,0.0,2
13,50,12,D,0.0,1
13,51,12,D,0.0,2
13,52,13,D,0.0,0
13,53,13,D,0.0,0
13,54,13,D,0.0,0
13,55,13,D,0.0,0
13,56,14,D,0.0,0
13,57,14,D,0.0,1
13,58,14,D,0.0,4
13,59,14,D,0.0,0
13,60,15,D,0.0,3
13,61,15,D,0.0,1
13,62,15,D,0.0,0
13,63,15,D,0.0,2
13,64,16,D,0.0,1
13,65,16,D,0.0,1
13,66,16,D,0.0,1
13,67,16,D,0.0,2
13,68,17,D,0.0,2
13,69,17,D,0.0,0
13,70,17,D,0.0,1
13,71,17,D,0.0,0
13,72,18,D,0.0,1
13,73,18,D,0.0,0
13,74,18,D,0.0,2
13,75,18,D,0.0,3
13,76,19,D,0.5,4
13,77,19,C,-0.5,0
13,78,19,D,0.5,5
13,79,19,D,0.5,1
13,80,20,D,0.0,0
13,81,20,D,0.0,3
13,82,20,D,0.0,1
13,83,20,D,0.0,1
13,84,21,D,0.0,2
13,85,21,D,0.0,2
13,86,21,D,0.0,2
13,87,21,D,0.0,1
13,88,22,D,0.0,0
13,89,22,D,0.0,1
13,90,22,D,0.0,0
13,91,22,D,0.0,1
13,92,23,D,0.0,3
13,93,23,D,0.0,1
13,94,23,D,0.0,0
13,95,23,D,0.0,1
13,96,24,D,0.0,3
13,97,24,D,0.0,0
13,98,24,D,0.0,0
13,99,24,D,0.0,0
14,0,0,D,0.0,1
14,1,0,D,0.0,1
14,2,0,D,0.0,1
14,3,0,D,0.0,1
14,4,1,D,0.0,1
14,5,1,D,0.0,0
14,6,1,D,0.0,3
14,7,1,D,0.0,3
14,8,2,D,0.0,0
14,9,2,D,0.0,1
14,10,2,D,0.0,2
14,11,2,D,0.0,0
14,12,3,D,0.0,0
14,13,3,D,0.0,0
14,14,3,D,0.0,1
14,15,3,D,0.0,2
14,16,4,D,0.0,0
14,17,4,D,0.0,1
14,18,4,D,0.0,3
14,19,4,D,0.0,0
14,20,5,D,0.0,0
14,21,5,D,0.0,1
14,22,5,D,0.0,0
14,23,5,D,0.0,0
14,24,6,D,0.0,1
14,25,6,D,0.0,1
14,26,6,D,0.0,2
14,27,6,D,0.0,1
14,28,7,D,0.0,2
14,29,7,D,0.0,0
14,30,7,D,0.0,0
14,31,7,D,0.0,0
14,32,8,D,0.0,2
14,33,8,D,0.0,2
14,34,8,D,0.0,1
14,35,8,D,0.0,1
14,36,9,D,0.0,1
14,37,9,D,0.0,0
14,38,9,D,0.0,0
14,39,9,D,0.0,2
14,40,10,D,0.0,1
14,41,10,D,0.0,2
14,42,10,D,0.0,0
14,43,10,D,0.0,2
14,44,11,D,0.0,1
14,45,11,D,0.0,0
14,46,11,D,0.0,1
14,47,11,D,0.0,2
14,48,12,D,0.0,2
14,49,12,D,0.0,2
14,50,12,D,0.0,0
14,51,12,D,0.0,0
14,52,13,D,0.0,1
14,53,13,D,0.0,1
14,54,13,D,0.0,1
14,55,13,D,0.0,0
14,56,14,D,0.0,3
14,57,14,D,0.0,1
14,58,14,D,0.0,1
14,59,14,D,0.0,0
14,60,15,D,0.0,0
14,61,15,D,0.0,1
14,62,15,D,0.0,0
14,63,15,D,0.0,1
14,64,16,D,0.0,2
14,65,16,D,0.0,0
14,66,16,D,0.0,1
14,67,16,D,0.0,0
14,68,17,D,0.0,0
14,69,17,D,0.0,1
14,70,17,D,0.0,1
14,71,17,D,0.0,0
14,72,18,D,0.0,0
14,73,18,D,0.0,1
14,74,18,D,0.0,1
14,75,18,D,0.0,1
14,76,19,D,0.0,1
14,77,19,D,0.0,2
14,78,19,D,0.0,4
14,79,19,D,0.0,1
14,80,20,D,0.0,1
14,81,20,D,0.0,1
14,82,20,D,0.0,2
14,83,20,D,0.0,0
14,84,21,D,0.0,1
14,85,21,D,0.0,5
14,86,21,D,0.0,1
14,87,21,D,0.0,0
14,88,22,D,0.0,0
14,89,22,D,0.0,1
14,90,22,D,0.0,1
14,91,22,D,0.0,0
14,92,23,D,0.0,2
14,93,23,D,0.0,2
14,94,23,D,0.0,1
14,95,23,D,0.0,0
14,96,24,D,0.0,0
14,97,24,D,0.0,2
14,98,24,D,0.0,0
14,99,24,D,0.0,3
15,0,0,D,0.0,0
15,1,0,D,0.0,1
15,2,0,D,0.0,1
15,3,0,D,0.0,2
15,4,1,D,0.0,2
15,5,1,D,0.0,0
15,6,1,D,0.0,2
15,7,1,D,0.0,0
15,8,2,D,0.0,1
15,9,2,D,0.0,0
15,10,2,D,0.0,4
15,11,2,D,0.0,0
15,12,3,D,0.0,0
15,13,3,D,0.0,2
15,14,3,D,0.0,3
15,15,3,D,0.0,1
15,16,4,D,0.0,0
15,17,4,D,0.0,0
15,18,4,D,0.0,2
15,19,4,D,0.0,1
15,20,5,D,0.0,2
15,21,5,D,0.0,1
15,22,5,D,0.0,1
15,23,5,D,0.0,1
15,24,6,D,0.0,1
15,25,6,D,0.0,0
15,26,6,D,0.0,0
15,27,6,D,0.0,2
15,28,7,D,0.0,0
15,29,7,D,0.0,3
15,30,7,D,0.0,1
15,31,7,D,0.0,1
15,32,8,D,0.0,1
15,33,8,D,0.0,0
15,34,8,D,0.0,1
15,35,8,D,0.0,1
15,36,9,D,0.0,2
15,37,9,D,0.0,1
15,38,9,D,0.0,0
15,39,9,D,0.0,1
15,40,10,D,0.0,0
15,41,10,D,0.0,2
15,42,10,D,0.0,0
15,43,10,D,0.0,0
15,44,11,D,0.0,1
15,45,11,D,0.0,0
15,46,11,D,0.0,1
15,47,11,D,0.0,2
15,48,12,D,0.0,3
15,49,12,D,0.0,1
15,50,12,D,0.0,1
15,51,12,D,0.0,0
15,52,13,D,0.0,3
15,53,13,D,0.0,3
15,54,13,D,0.0,1
15,55,13,D,0.0,0
15,56,14,D,0.0,1
15,57,14,D,0.0,1
15,58,14,D,0.0,1
15,59,14,D,0.0,1
15,60,15,D,0.0,2
15,61,15,D,0.0,0
15,62,15,D,0.0,1
15,63,15,D,0.0,3
15,64,16,D,0.0,1
15,65,16,D,0.0,1
15,66,16,D,0.0,0
15,67,16,D,0.0,2
15,68,17,D,0.0,0
15,69,17,D,0.0,0
15,70,17,D,0.0,1
15,71,17,D,0.0,0
15,72,18,D,0.0,1
15,73,18,D,0.0,1
15,74,18,D,0.0,1
15,75,18,D,0.0,1
15,76,19,D,0.0,3
15,77,19,D,0.0,1
15,78,19,D,0.0,4
15,79,19,D,0.0,0
15,80,20,D,0.0,1
15,81,20,D,0.0,1
15,82,20,D,0.0,0
15,83,20,D,0.0,1
15,84,21,D,0.0,1
15,85,21,D,0.0,1
15,86,21,D,0.0,0
15,87,21,D,0.0,0
15,88,22,D,0.0,0
15,89,22,D,0.0,0
15,90,22,D,0.0,0
15,91,22,D,0.0,2
15,92,23,D,0.0,0
15,93,23,D,0.0,2
15,94,23,D,0.0,0
15,95,23,D,0.0,1
15,96,24,D,0.0,1
15,97,24,D,0.0,1
15,98,24,D,0.0,0
15,99,24,D,0.0,1
16,0,0,D,0.0,2
16,1,0,D,0.0,2
16,2,0,D,0.0,0
16,3,0,D,0.0,0
16,4,1,D,0.5,1
16,5,1,D,0.5,1
16,6,1,C,-0.5,0
16,7,1,D,0.5,2
16,8,2,D,0.0,0
16,9,2,D,0.0,1
16,10,2,D,0.0,0
16,11,2,D,0.0,0
16,12,3,D,0.0,2
16,13,3,D,0.0,2
16,14,3,D,0.0,0
16,15,3,D,0.0,0
16,16,4,D,0.0,2
16,17,4,D,0.0,2
16,18,4,D,0.0,1
16,19,4,D,0.0,0
16,20,5,D,0.0,2
16,21,5,D,0.0,2
16,22,5,D,0.0,2
16,23,5,D,0.0,1
16,24,6,D,0.0,0
16,25,6,D,0.0,1
16,26,6,D,0.0,2
16,27,6,D,0.0,1
16,28,7,D,0.0,1
16,29,7,D,0.0,4
16,30,7,D,0.0,1
16,31,7,D,0.0,1
16,32,8,D,0.0,0
16,33,8,D,0.0,2
16,34,8,D,0.0,2
16,35,8,D,0.0,1
16,36,9,D,0.0,1
16,37,9,D,0.0,1
16,38,9,D,0.0,1
16,39,9,D,0.0,1
16,40,10,D,0.0,0
16,41,10,D,0.0,0
16,42,10,D,0.0,1
16,43,10,D,0.0,0
16,44,11,D,0.0,1
16,45,11,D,0.0,1
16,46,11,D,0.0,0
16,47,11,D,0.0,0
16,48,12,D,0.0,1
16,49,12,D,0.0,0
16,50,12,D,0.0,3
16,51,12,D,0.0,0
16,52,13,D,0.0,1
16,53,13,D,0.0,1
16,54,13,D,0.0,1
16,55,13,D,0.0,1
16,56,14,D,0.0,0
16,57,14,D,0.0,0
16,58,14,D,0.0,0
16,59,14,D,0.0,2
16,60,15,D,0.0,2
16,61,15,D,0.0,1
16,62,15,D,0.0,0
16,63,15,D,0.0,0
16,64,16,D,0.0,3
16,65,16,D,0.0,2
16,66,16,D,0.0,1
16,67,16,D,0.0,0
16,68,17,D,0.0,0
16,69,17,D,0.0,0
16,70,17,D,0.0,1
16,71,17,D,0.0,1
16,72,18,D,0.0,0
16,73,18,D,0.0,1
16,74,18,D,0.0,2
16,75,18,D,0.0,0
16,76,19,D,0.0,1
16,77,19,D,0.0,0
16,78,19,D,0.0,0
16,79,19,D,0.0,1
16,80,20,D,0.0,2
16,81,20,D,0.0,1
16,82,20,D,0.0,0
16,83,20,D,0.0,0
16,84,21,D,0.0,2
16,85,21,D,0.0,0
16,86,21,D,0.0,2
16,87,21,D,0.0,1
16,88,22,D,0.0,3
16,89,22,D,0.0,3
16,90,22,D,0.0,2
16,91,22,D,0.0,1
16,92,23,D,0.0,1
16,93,23,D,0.0,2
16,94,23,D,0.0,1
16,95,23,D,0.0,1
16,96,24,D,0.0,1
16,97,24,D,0.0,1
16,98,24,D,0.0,1
16,99,24,D,0.0,1
17,0,0,D,0.0,0
17,1,0,D,0.0,0
17,2,0,D,0.0,2
17,3,0,D,0.0,0
17,4,1,D,0.0,1
17,5,1,D,0.0,0
17,6,1,D,0.0,2
17,7,1,D,0.0,3
17,8,2,D,0.0,2
17,9,2,D,0.0,1
17,10,2,D,0.0,2
17,11,2,D,0.0,1
17,12,3,D,0.0,0
17,13,3,D,0.0,1
17,14,3,D,0.0,0
17,15,3,D,0.0,2
17,16,4,D,0.0,0
17,17,4,D,0.0,1
17,18,4,D,0.0,1
17,19,4,D,0.0,0
17,20,5,D,0.0,0
17,21,5,D,0.0,2
17,22,5,D,0.0,0
17,23,5,D,0.0,3
17,24,6,D,0.0,0
17,25,6,D,0.0,0
17,26,6,D,0.0,0
17,27,6,D,0.0,2
17,28,7,D,0.0,1
17,29,7,D,0.0,0
17,30,7,D,0.0,1
17,31,7,D,0.0,3
17,32,8,D,0.0,0
17,33,8,D,0.0,0
17,34,8,D,0.0,0
17,35,8,D,0.0,0
17,36,9,D,0.0,1
17,37,9,D,0.0,2
17,38,9,D,0.0,0
17,39,9,D,0.0,2
17,40,10,D,0.0,1
17,41,10,D,0.0,3
17,42,10,D,0.0,3
17,43,10,D,0.0,2
17,44,11,D,0.0,2
17,45,11,D,0.0,1
17,46,11,D,0.0,1
17,47,11,D,0.0,1
17,48,12,D,0.0,1
17,49,12,D,0.0,3
17,50,12,D,0.0,0
17,51,12,D,0.0,2
17,52,13,D,0.0,0
17,53,13,D,0.0,1
17,54,13,D,0.0,2
17,55,13,D,0.0,1
17,56,14,D,0.0,0
17,57,14,D,0.0,1
17,58,14,D,0.0,0
17,59,14,D,0.0,0
17,60,15,D,0.0,2
17,61,15,D,0.0,0
17,62,15,D,0.0,2
17,63,15,D,0.0,0
17,64,16,D,0.0,0
17,65,16,D,0.0,0
17,66,16,D,0.0,1
17,67,16,D,0.0,0
17,68,17,D,0.0,1
17,69,17,D,0.0,1
17,70,17,D,0.0,2
17,71,17,D,0.0,1
17,72,18,D,0.0,3
17,73,18,D,0.0,1
17,74,18,D,0.0,0
17,75,18,D,0.0,2
17,76,19,D,0.0,0
17,77,19,D,0.0,1
17,78,19,D,0.0,1
17,79,19,D,0.0,1
17,80,20,D,0.0,2
17,81,20,D,0.0,0
17,82,20,D,0.0,2
17,83,20,D,0.0,1
17,84,21,D,0.0,0
17,85,21,D,0.0,1
17,86,21,D,0.0,3
17,87,21,D,0.0,1
17,88,22,D,0.0,0
17,89,22,D,0.0,3
17,90,22,D,0.0,3
17,91,22,D,0.0,1
17,92,23,D,0.0,0
17,93,23,D,0.0,0
17,94,23,D,0.0,0
17,95,23,D,0.0,1
17,96,24,D,0.0,1
17,97,24,D,0.0,0
17,98,24,D,0.0,1
17,99,24,D,0.0,0
18,0,0,D,0.0,1
18,1,0,D,0.0,0
18,2,0,D,0.0,3
18,3,0,D,0.0,1
18,4,1,D,0.0,0
18,5,1,D,0.0,0
18,6,1,D,0.0,1
18,7,1,D,0.0,1
18,8,2,D,0.5,1
18,9,2,D,0.5,0
18,10,2,C,-0.5,0
18,11,2,D,0.5,2
18,12,3,D,0.0,1
18,13,3,D,0.0,2
18,14,3,D,0.0,0
18,15,3,D,0.0,1
18,16,4,D,0.0,0
18,17,4,D,0.0,0
18,18,4,D,0.0,4
18,19,4,D,0.0,0
18,20,5,D,0.0,1
18,21,5,D,0.0,2
18,22,5,D,0.0,0
18,23,5,D,0.0,0
18,24,6,D,0.0,0
18,25,6,D,0.0,1
18,26,6,D,0.0,0
18,27,6,D,0.0,1
18,28,7,D,0.0,2
18,29,7,D,0.0,1
18,30,7,D,0.0,2
18,31,7,D,0.0,0
18,32,8,D,0.0,0
18,33,8,D,0.0,0
18,34,8,D,0.0,2
18,35,8,D,0.0,0
18,36,9,D,0.0,3
18,37,9,D,0.0,1
18,38,9,D,0.0,1
18,39,9,D,0.0,3
18,40,10,D,0.0,1
18,41,10,D,0.0,1
18,42,10,D,0.0,0
18,43,10,D,0.0,2
18,44,11,D,0.0,0
18,45,11,D,0.0,0
18,46,11,D,0.0,2
18,47,11,D,0.0,0
18,48,12,D,0.0,0
18,49,12,D,0.0,0
18,50,12,D,0.0,0
18,51,12,D,0.0,0
18,52,13,D,0.0,0
18,53,13,D,0.0,0
18,54,13,D,0.0,3
18,55,13,D,0.0,2
18,56,14,D,0.0,3
18,57,14,D,0.0,4
18,58,14,D,0.0,3
18,59,14,D,0.0,2
18,60,15,D,0.0,1
18,61,15,D,0.0,1
18,62,15,D,0.0,0
18,63,15,D,0.0,2
18,64,16,D,0.0,1
18,65,16,D,0.0,0
18,66,16,D,0.0,1
18,67,16,D,0.0,0
18,68,17,D,0.0,1
18,69,17,D,0.0,1
18,70,17,D,0.0,0
18,71,17,D,0.0,1
18,72,18,D,0.0,2
18,73,18,D,0.0,2
18,74,18,D,0.0,0
18,75,18,D,0.0,2
18,76,19,D,0.0,1
18,77,19,D,0.0,0
18,78,19,D,0.0,1
18,79,19,D,0.0,0
18,80,20,D,0.0,0
18,81,20,D,0.0,1
18,82,20,D,0.0,1
18,83,20,D,0.0,1
18,84,21,D,0.0,0
18,85,21,D,0.0,1
18,86,21,D,0.0,1
18,87,21,D,0.0,1
18,88,22,D,0.0,1
18,89,22,D,0.0,1
18,90,22,D,0.0,3
18,91,22,D,0.0,2
18,92,23,D,0.0,2
18,93,23,D,0.0,1
18,94,23,D,0.0,1
18,95,23,D,0.0,1
18,96,24,D,0.0,0
18,97,24,D,0.0,2
18,98,24,D,0.0,2
18,99,24,D,0.0,0
19,0,0,D,0.0,1
19,1,0,D,0.0,2
19,2,0,D,0.0,1
19,3,0,D,0.0,1
19,4,1,D,0.0,1
19,5,1,D,0.0,1
19,6,1,D,0.0,0
19,7,1,D,0.0,1
19,8,2,D,0.0,1
19,9,2,D,0.0,0
19,10,2,D,0.0,2
19,11,2,D,0.0,2
19,12,3,D,0.0,0
19,13,3,D,0.0,0
19,14,3,D,0.0,1
19,15,3,D,0.0,0
19,16,4,D,0.0,1
19,17,4,D,0.0,0
19,18,4,D,0.0,2
19,19,4,D,0.0,2
19,20,5,D,0.0,0
19,21,5,D,0.0,4
19,22,5,D,0.0,0
19,23,5,D,0.0,0
19,24,6,D,0.0,2
19,25,6,D,0.0,1
19,26,6,D,0.0,1
19,27,6,D,0.0,2
19,28,7,D,0.0,1
19,29,7,D,0.0,1
19,30,7,D,0.0,0
19,31,7,D,0.0,2
19,32,8,D,0.0,0
19,33,8,D,0.0,1
19,34,8,D,0.0,1
19,35,8,D,0.0,1
19,36,9,D,0.0,0
19,37,9,D,0.0,1
19,38,9,D,0.0,2
19,39,9,D,0.0,3
19,40,10,C,0.0,2
19,41,10,C,0.0,0
19,42,10,D,1.0,2
19,43,10,D,1.0,2
19,44,11,D,0.0,1
19,45,11,D,0.0,2
19,46,11,D,0.0,0
19,47,11,D,0.0,1
19,48,12,D,0.0,1
19,49,12,D,0.0,1
19,50,12,D,0.0,0
19,51,12,D,0.0,1
19,52,13,D,0.0,3
19,53,13,D,0.0,2
19,54,13,D,0.0,0
19,55,13,D,0.0,1
19,56,14,D,0.0,3
19,57,14,D,0.0,1
19,58,14,D,0.0,3
19,59,14,D,0.0,1
19,60,15,D,0.0,1
19,61,15,D,0.0,0
19,62,15,D,0.0,0
19,63,15,D,0.0,1
19,64,16,D,0.0,0
19,65,16,D,0.0,0
19,66,16,D,0.0,0
19,67,16,D,0.0,0
19,68,17,D,0.0,1
19,69,17,D,0.0,3
19,70,17,D,0.0,2
19,71,17,D,0.0,3
19,72,18,D,0.0,1
19,73,18,D,0.0,1
19,74,18,D,0.0,1
19,75,18,D,0.0,0
19,76,19,D,0.0,1
19,77,19,D,0.0,2
19,78,19,D,0.0,0
19,79,19,D,0.0,0
19,80,20,D,0.0,1
19,81,20,D,0.0,1
19,82,20,D,0.0,1
19,83,20,D,0.0,0
19,84,21,D,0.0,0
19,85,21,D,0.0,0
19,86,21,D,0.0,2
19,87,21,D,0.0,0
19,88,22,D,0.0,1
19,89,22,D,0.0,1
19,90,22,D,0.0,2
19,91,22,D,0.0,2
19,92,23,D,0.0,0
19,93,23,D,0.0,0
19,94,23,D,0.0,1
19,95,23,D,0.0,0
19,96,24,D,0.5,1
19,97,24,D,0.5,1
19,98,24,D,0.5,0
19,99,24,C,-0.5,0
20,0,0,D,0.0,1
20,1,0,D,0.0,0
20,2,0,D,0.0,0
20,3,0,D,0.0,2
20,4,1,D,0.0,3
20,5,1,D,0.0,0
20,6,1,D,0.0,2
20,7,1,D,0.0,1
20,8,2,D,0.0,0
20,9,2,D,0.0,2
20,10,2,D,0.0,4
20,11,2,D,0.0,0
20,12,3,D,0.0,0
20,13,3,D,0.0,0
20,14,3,D,0.0,1
20,15,3,D,0.0,0
20,16,4,D,0.0,0
20,17,4,D,0.0,1
20,18,4,D,0.0,2
20,19,4,D,0.0,0
20,20,5,D,0.0,1
20,21,5,D,0.0,0
20,22,5,D,0.0,2
20,23,5,D,0.0,1
20,24,6,D,0.0,0
20,25,6,D,0.0,2
20,26,6,D,0.0,1
20,27,6,D,0.0,1
20,28,7,D,0.0,1
20,29,7,D,0.0,2
20,30,7,D,0.0,2
20,31,7,D,0.0,2
20,32,8,D,0.0,2
20,33,8,D,0.0,1
20,34,8,D,0.0,1
20,35,8,D,0.0,3
20,36,9,D,0.0,1
20,37,9,D,0.0,1
20,38,9,D,0.0,1
20,39,9,D,0.0,1
20,40,10,D,0.0,1
20,41,10,D,0.0,1
20,42,10,D,0.0,2
20,43,10,D,0.0,0
20,44,11,D,0.5,3
20,45,11,D,0.5,4
20,46,11,C,-0.5,0
20,47,11,D,0.5,2
20,48,12,D,0.0,0
20,49,12,D,0.0,1
20,50,12,D,0.0,0
20,51,12,D,0.0,0
20,52,13,D,0.0,1
20,53,13,D,0.0,0
20,54,13,D,0.0,0
20,55,13,D,0.0,0
20,56,14,D,0.0,1
20,57,14,D,0.0,1
20,58,14,D,0.0,0
20,59,14,D,0.0,2
20,60,15,D,0.0,1
20,61,15,D,0.0,2
20,62,15,D,0.0,0
20,63,15,D,0.0,0
20,64,16,D,0.0,0
20,65,16,D,0.0,1
20,66,16,D,0.0,0
20,67,16,D,0.0,0
20,68,17,D,0.0,1
20,69,17,D,0.0,2
20,70,17,D,0.0,0
20,71,17,D,0.0,1
20,72,18,D,0.0,3
20,73,18,D,0.0,1
20,74,18,D,0.0,0
20,75,18,D,0.0,1
20,76,19,D,0.0,1
20,77,19,D,0.0,0
20,78,19,D,0.0,2
20,79,19,D,0.0,0
20,80,20,D,0.0,0
20,81,20,D,0.0,2
20,82,20,D,0.0,0
20,83,20,D,0.0,2
20,84,21,D,0.5,5
20,85,21,D,0.5,1
20,86,21,C,-0.5,0
20,87,21,D,0.5,0
20,88,22,D,0.0,1
20,89,22,D,0.0,0
20,90,22,D,0.0,0
20,91,22,D,0.0,1
20,92,23,D,0.0,1
20,93,23,D,0.0,1
20,94,23,D,0.0,0
20,95,23,D,0.0,3
20,96,24,D,0.0,2
20,97,24,D,0.0,1
20,98,24,D,0.0,0
20,99,24,D,0.0,0
21,0,0,D,0.0,0
21,1,0,D,0.0,1
21,2,0,D,0.0,0
21,3,0,D,0.0,1
21,4,1,D,0.5,3
21,5,1,D,0.5,1
21,6,1,D,0.5,1
21,7,1,C,-0.5,0
21,8,2,D,0.0,2
21,9,2,D,0.0,2
21,10,2,D,0.0,0
21,11,2,D,0.0,1
21,12,3,D,0.0,1
21,13,3,D,0.0,0
21,14,3,D,0.0,2
21,15,3,D,0.0,3
21,16,4,D,0.0,1
21,17,4,D,0.0,0
21,18,4,D,0.0,0
21,19,4,D,0.0,1
21,20,5,D,0.0,0
21,21,5,D,0.0,1
21,22,5,D,0.0,0
21,23,5,D,0.0,1
21,24,6,D,0.0,2
21,25,6,D,0.0,0
21,26,6,D,0.0,2
21,27,6,D,0.0,2
21,28,7,D,0.0,1
21,29,7,D,0.0,2
21,30,7,D,0.0,1
21,31,7,D,0.0,2
21,32,8,D,0.0,1
21,33,8,D,0.0,1
21,34,8,D,0.0,0
21,35,8,D,0.0,1
21,36,9,D,0.0,1
21,37,9,D,0.0,1
21,38,9,D,0.0,0
21,39,9,D,0.0,0
21,40,10,D,0.0,1
21,41,10,D,0.0,3
21,42,10,D,0.0,1
21,43,10,D,0.0,1
21,44,11,D,0.0,0
21,45,11,D,0.0,1
21,46,11,D,0.0,0
21,47,11,D,0.0,2
21,48,12,D,0.0,0
21,49,12,D,0.0,0
21,50,12,D,0.0,2
21,51,12,D,0.0,1
21,52,13,D,0.0,2
21,53,13,D,0.0,0
21,54,13,D,0.0,1
21,55,13,D,0.0,1
21,56,14,C,-0.5,1
21,57,14,D,0.5,2
21,58,14,D,0.5,0
21,59,14,D,0.5,0
21,60,15,D,0.0,2
21,61,15,D,0.0,2
21,62,15,D,0.0,1
21,63,15,D,0.0,1
21,64,16,D,0.0,1
21,65,16,D,0.0,0
21,66,16,D,0.0,0
21,67,16,D,0.0,1
21,68,17,D,0.0,0
21,69,17,D,0.0,0
21,70,17,D,0.0,0
21,71,17,D,0.0,0
21,72,18,D,0.0,2
21,73,18,D,0.0,1
21,74,18,D,0.0,2
21,75,18,D,0.0,1
21,76,19,D,0.0,1
21,77,19,D,0.0,1
21,78,19,D,0.0,1
21,79,19,D,0.0,0
21,80,20,D,0.0,0
21,81,20,D,0.0,2
21,82,20,D,0.0,1
21,83,20,D,0.0,2
21,84,21,C,-0.5,0
21,85,21,D,0.5,4
21,86,21,D,0.5,0
21,87,21,D,0.5,2
21,88,22,D,0.0,3
21,89,22,D,0.0,1
21,90,22,D,0.0,0
21,91,22,D,0.0,0
21,92,23,D,0.0,4
21,93,23,D,0.0,0
21,94,23,D,0.0,2
21,95,23,D,0.0,1
21,96,24,D,0.0,1
21,97,24,D,0.0,0
21,98,24,D,0.0,0
21,99,24,D,0.0,2
22,0,0,D,0.0,0
22,1,0,D,0.0,0
22,2,0,D,0.0,1
22,3,0,D,0.0,1
22,4,1,D,0.0,0
22,5,1,D,0.0,0
22,6,1,D,0.0,0
22,7,1,D,0.0,1
22,8,2,D,0.0,0
22,9,2,D,0.0,1
22,10,2,D,0.0,2
22,11,2,D,0.0,1
22,12,3,D,0.0,1
22,13,3,D,0.0,0
22,14,3,D,0.0,1
22,15,3,D,0.0,1
22,16,4,D,0.0,0
22,17,4,D,0.0,0
22,18,4,D,0.0,1
22,19,4,D,0.0,2
22,20,5,D,0.0,1
22,21,5,D,0.0,2
22,22,5,D,0.0,0
22,23,5,D,0.0,1
22,24,6,D,0.0,1
22,25,6,D,0.0,1
22,26,6,D,0.0,0
22,27,6,D,0.0,1
22,28,7,D,0.5,3
22,29,7,C,-0.5,0
22,30,7,D,0.5,3
22,31,7,D,0.5,1
22,32,8,D,0.0,2
22,33,8,D,0.0,2
22,34,8,D,0.0,0
22,35,8,D,0.0,2
22,36,9,D,0.0,3
22,37,9,D,0.0,1
22,38,9,D,0.0,2
22,39,9,D,0.0,0
22,40,10,D,0.0,3
22,41,10,D,0.0,0
22,42,10,D,0.0,0
22,43,10,D,0.0,1
22,44,11,D,0.0,2
22,45,11,D,0.0,1
22,46,11,D,0.0,0
22,47,11,D,0.0,0
22,48,12,D,0.0,1
22,49,12,D,0.0,3
22,50,12,D,0.0,0
22,51,12,D,0.0,3
22,52,13,D,0.5,1
22,53,13,D,0.5,2
22,54,13,C,-0.5,0
22,55,13,D,0.5,4
22,56,14,D,0.0,3
22,57,14,D,0.0,2
22,58,14,D,0.0,0
22,59,14,D,0.0,1
22,60,15,D,0.0,0
22,61,15,D,0.0,1
22,62,15,D,0.0,0
22,63,15,D,0.0,0
22,64,16,D,0.0,1
22,65,16,D,0.0,3
22,66,16,D,0.0,1
22,67,16,D,0.0,1
22,68,17,D,0.0,2
22,69,17,D,0.0,1
22,70,17,D,0.0,0
22,71,17,D,0.0,0
22,72,18,D,0.0,1
22,73,18,D,0.0,0
22,74,18,D,0.0,1
22,75,18,D,0.0,1
22,76,19,D,0.0,0
22,77,19,D,0.0,0
22,78,19,D,0.0,1
22,79,19,D,0.0,0
22,80,20,D,0.0,0
22,81,20,D,0.0,2
22,82,20,D,0.0,3
22,83,20,D,0.0,1
22,84,21,D,0.0,3
22,85,21,D,0.0,0
22,86,21,D,0.0,0
22,87,21,D,0.0,0
22,88,22,D,0.0,1
22,89,22,D,0.0,0
22,90,22,D,0.0,0
22,91,22,D,0.0,1
22,92,23,D,0.0,2
22,93,23,D,0.0,0
22,94,23,D,0.0,1
22,95,23,D,0.0,1
22,96,24,D,0.0,0
22,97,24,D,0.0,2
22,98,24,D,0.0,1
22,99,24,D,0.0,2
23,0,0,D,0.0,1
23,1,0,D,0.0,2
23,2,0,D,0.0,0
23,3,0,D,0.0,2
23,4,1,D,0.0,1
23,5,1,D,0.0,2
23,6,1,D,0.0,1
23,7,1,D,0.0,1
23,8,2,D,0.0,0
23,9,2,D,0.0,0
23,10,2,D,0.0,2
23,11,2,D,0.0,0
23,12,3,D,0.0,1
23,13,3,D,0.0,1
23,14,3,D,0.0,1
23,15,3,D,0.0,3
23,16,4,D,0.0,1
23,17,4,D,0.0,4
23,18,4,D,0.0,0
23,19,4,D,0.0,0
23,20,5,D,0.0,1
23,21,5,D,0.0,2
23,22,5,D,0.0,0
23,23,5,D,0.0,1
23,24,6,D,0.0,1
23,25,6,D,0.0,1
23,26,6,D,0.0,0
23,27,6,D,0.0,0
23,28,7,D,0.0,0
23,29,7,D,0.0,0
23,30,7,D,0.0,3
23,31,7,D,0.0,0
23,32,8,D,0.0,0
23,33,8,D,0.0,0
23,34,8,D,0.0,0
23,35,8,D,0.0,2
23,36,9,D,0.0,0
23,37,9,D,0.0,2
23,38,9,D,0.0,1
23,39,9,D,0.0,0
23,40,10,D,0.0,2
23,41,10,D,0.0,2
23,42,10,D,0.0,0
23,43,10,D,0.0,3
23,44,11,D,0.0,1
23,45,11,D,0.0,2
23,46,11,D,0.0,1
23,47,11,D,0.0,1
23,48,12,C,-0.5,0
23,49,12,D,0.5,1
23,50,12,D,0.5,4
23,51,12,D,0.5,0
23,52,13,D,0.0,0
23,53,13,D,0.0,1
23,54,13,D,0.0,0
23,55,13,D,0.0,1
23,56,14,D,0.0,2
23,57,14,D,0.0,1
23,58,14,D,0.0,0
23,59,14,D,0.0,0
23,60,15,D,0.0,2
23,61,15,D,0.0,0
23,62,15,D,0.0,1
23,63,15,D,0.0,2
23,64,16,D,0.0,0
23,65,16,D,0.0,0
23,66,16,D,0.0,1
23,67,16,D,0.0,0
23,68,17,D,0.0,2
23,69,17,D,0.0,0
23,70,17,D,0.0,3
23,71,17,D,0.0,2
23,72,18,D,0.0,0
23,73,18,D,0.0,1
23,74,18,D,0.0,1
23,75,18,D,0.0,0
23,76,19,D,0.0,2
23,77,19,D,0.0,0
23,78,19,D,0.0,0
23,79,19,D,0.0,2
23,80,20,D,0.0,2
23,81,20,D,0.0,1
23,82,20,D,0.0,3
23,83,20,D,0.0,0
23,84,21,D,0.0,2
23,85,21,D,0.0,0
23,86,21,D,0.0,1
23,87,21,D,0.0,0
23,88,22,D,0.0,2
23,89,22,D,0.0,1
23,90,22,D,0.0,1
23,91,22,D,0.0,2
23,92,23,D,0.0,0
23,93,23,D,0.0,0
23,94,23,D,0.0,1
23,95,23,D,0.0,0
23,96,24,D,0.0,0
23,97,24,D,0.0,3
23,98,24,D,0.0,2
23,99,24,D,0.0,1
24,0,0,D,0.0,0
24,1,0,D,0.0,1
24,2,0,D,0.0,2
24,3,0,D,0.0,1
24,4,1,D,0.0,1
24,5,1,D,0.0,1
24,6,1,D,0.0,2
24,7,1,D,0.0,0
24,8,2,D,0.0,1
24,9,2,D,0.0,2
24,10,2,D,0.0,1
24,11,2,D,0.0,0
24,12,3,D,0.0,0
24,13,3,D,0.0,2
24,14,3,D,0.0,1
24,15,3,D,0.0,1
24,16,4,D,0.0,1
24,17,4,D,0.0,1
24,18,4,D,0.0,1
24,19,4,D,0.0,2
24,20,5,D,0.0,1
24,21,5,D,0.0,1
24,22,5,D,0.0,0
24,23,5,D,0.0,0
24,24,6,D,0.0,0
24,25,6,D,0.0,2
24,26,6,D,0.0,0
24,27,6,D,0.0,1
24,28,7,D,0.0,1
24,29,7,D,0.0,1
24,30,7,D,0.0,1
24,31,7,D,0.0,0
24,32,8,D,0.0,0
24,33,8,D,0.0,2
24,34,8,D,0.0,1
24,35,8,D,0.0,1
24,36,9,D,0.0,2
24,37,9,D,0.0,2
24,38,9,D,0.0,0
24,39,9,D,0.0,0
24,40,10,D,0.0,1
24,41,10,D,0.0,1
24,42,10,D,0.0,1
24,43,10,D,0.0,0
24,44,11,D,0.0,1
24,45,11,D,0.0,0
24,46,11,D,0.0,1
24,47,11,D,0.0,1
24,48,12,D,0.0,0
24,49,12,D,0.0,1
24,50,12,D,0.0,1
24,51,12,D,0.0,0
24,52,13,D,0.0,1
24,53,13,D,0.0,2
24,54,13,D,0.0,1
24,55,13,D,0.0,0
24,56,14,D,0.0,3
24,57,14,D,0.0,1
24,58,14,D,0.0,2
24,59,14,D,0.0,3
24,60,15,D,0.0,1
24,61,15,D,0.0,3
24,62,15,D,0.0,2
24,63,15,D,0.0,0
24,64,16,D,0.0,0
24,65,16,D,0.0,2
24,66,16,D,0.0,0
24,67,16,D,0.0,1
24,68,17,D,0.0,1
24,69,17,D,0.0,2
24,70,17,D,0.0,0
24,71,17,D,0.0,2
24,72,18,D,0.0,2
24,73,18,D,0.0,2
24,74,18,D,0.0,1
24,75,18,D,0.0,0
24,76,19,D,0.0,2
24,77,19,D,0.0,1
24,78,19,D,0.0,3
24,79,19,D,0.0,1
24,80,20,D,0.0,0
24,81,20,D,0.0,1
24,82,20,D,0.0,2
24,83,20,D,0.0,2
24,84,21,D,0.0,1
24,85,21,D,0.0,1
24,86,21,D,0.0,0
24,87,21,D,0.0,1
24,88,22,D,0.0,0
24,89,22,D,0.0,2
24,90,22,D,0.0,2
24,91,22,D,0.0,0
24,92,23,D,0.0,0
24,93,23,D,0.0,1
24,94,23,D,0.0,1
24,95,23,D,0.0,0
24,96,24,D,0.0,2
24,97,24,D,0.0,0
24,98,24,D,0.0,0
24,99,24,D,0.0,0
25,0,0,D,0.0,1
25,1,0,D,0.0,2
25,2,0,D,0.0,0
25,3,0,D,0.0,0
25,4,1,D,0.0,2
25,5,1,D,0.0,1
25,6,1,D,0.0,2
25,7,1,D,0.0,1
25,8,2,D,0.0,0
25,9,2,D,0.0,0
25,10,2,D,0.0,2
25,11,2,D,0.0,1
25,12,3,D,0.0,1
25,13,3,D,0.0,1
25,14,3,D,0.0,5
25,15,3,D,0.0,0
25,16,4,D,0.0,1
25,17,4,D,0.0,0
25,18,4,D,0.0,2
25,19,4,D,0.0,0
25,20,5,D,0.0,1
25,21,5,D,0.0,2
25,22,5,D,0.0,0
25,23,5,D,0.0,0
25,24,6,D,0.0,0
25,25,6,D,0.0,2
25,26,6,D,0.0,1
25,27,6,D,0.0,0
25,28,7,D,0.0,0
25,29,7,D,0.0,1
25,30,7,D,0.0,0
25,31,7,D,0.0,0
25,32,8,D,0.0,0
25,33,8,D,0.0,1
25,34,8,D,0.0,0
25,35,8,D,0.0,2
25,36,9,D,0.0,1
25,37,9,D,0.0,4
25,38,9,D,0.0,0
25,39,9,D,0.0,1
25,40,10,D,0.0,0
25,41,10,D,0.0,0
25,42,10,D,0.0,2
25,43,10,D,0.0,1
25,44,11,D,0.0,0
25,45,11,D,0.0,0
25,46,11,D,0.0,3
25,47,11,D,0.0,0
25,48,12,D,0.0,4
25,49,12,D,0.0,1
25,50,12,D,0.0,0
25,51,12,D,0.0,2
25,52,13,D,0.0,0
25,53,13,D,0.0,1
25,54,13,D,0.0,1
25,55,13,D,0.0,0
25,56,14,D,0.0,1
25,57,14,D,0.0,0
25,58,14,D,0.0,4
25,59,14,D,0.0,1
25,60,15,D,0.0,0
25,61,15,D,0.0,0
25,62,15,D,0.0,1
25,63,15,D,0.0,1
25,64,16,D,0.0,0
25,65,16,D,0.0,1
25,66,16,D,0.0,3
25,67,16,D,0.0,4
25,68,17,D,0.0,2
25,69,17,D,0.0,0
25,70,17,D,0.0,2
25,71,17,D,0.0,0
25,72,18,D,0.0,0
25,73,18,D,0.0,0
25,74,18,D,0.0,1
25,75,18,D,0.0,0
25,76,19,D,0.0,2
25,77,19,D,0.0,0
25,78,19,D,0.0,0
25,79,19,D,0.0,0
25,80,20,D,0.0,0
25,81,20,D,0.0,0
25,82,20,D,0.0,1
25,83,20,D,0.0,2
25,84,21,D,0.0,1
25,85,21,D,0.0,2
25,86,21,D,0.0,2
25,87,21,D,0.0,2
25,88,22,D,0.0,1
25,89,22,D,0.0,2
25,90,22,D,0.0,1
25,91,22,D,0.0,2
25,92,23,D,0.0,1
25,93,23,D,0.0,2
25,94,23,D,0.0,1
25,95,23,D,0.0,2
25,96,24,D,0.0,0
25,97,24,D,0.0,0
25,98,24,D,0.0,1
25,99,24,D,0.0,1
26,0,0,D,0.0,1
26,1,0,D,0.0,1
26,2,0,D,0.0,2
26,3,0,D,0.0,2
26,4,1,D,0.0,1
26,5,1,D,0.0,0
26,6,1,D,0.0,2
26,7,1,D,0.0,0
26,8,2,D,0.0,1
26,9,2,D,0.0,0
26,10,2,D,0.0,1
26,11,2,D,0.0,1
26,12,3,D,0.0,3
26,13,3,D,0.0,1
26,14,3,D,0.0,1
26,15,3,D,0.0,1
26,16,4,D,0.0,1
26,17,4,D,0.0,1
26,18,4,D,0.0,2
26,19,4,D,0.0,3
26,20,5,D,0.0,2
26,21,5,D,0.0,0
26,22,5,D,0.0,2
26,23,5,D,0.0,0
26,24,6,D,0.0,1
26,25,6,D,0.0,1
26,26,6,D,0.0,4
26,27,6,D,0.0,0
26,28,7,D,0.0,1
26,29,7,D,0.0,1
26,30,7,D,0.0,1
26,31,7,D,0.0,1
26,32,8,D,0.0,1
26,33,8,D,0.0,1
26,34,8,D,0.0,0
26,35,8,D,0.0,1
26,36,9,D,0.0,1
26,37,9,D,0.0,0
26,38,9,D,0.0,0
26,39,9,D,0.0,0
26,40,10,D,0.0,0
26,41,10,D,0.0,1
26,42,10,D,0.0,0
26,43,10,D,0.0,1
26,44,11,D,0.0,0
26,45,11,D,0.0,0
26,46,11,D,0.0,2
26,47,11,D,0.0,4
26,48,12,D,0.0,3
26,49,12,D,0.0,2
26,50,12,D,0.0,0
26,51,12,D,0.0,2
26,52,13,D,0.0,2
26,53,13,D,0.0,2
26,54,13,D,0.0,1
26,55,13,D,0.0,0
26,56,14,D,0.0,2
26,57,14,D,0.0,0
26,58,14,D,0.0,1
26,59,14,D,0.0,2
26,60,15,D,0.0,1
26,61,15,D,0.0,1
26,62,15,D,0.0,0
26,63,15,D,0.0,2
26,64,16,D,0.0,1
26,65,16,D,0.0,0
26,66,16,D,0.0,1
26,67,16,D,0.0,2
26,68,17,D,0.0,0
26,69,17,D,0.0,2
26,70,17,D,0.0,1
26,71,17,D,0.0,1
26,72,18,D,0.0,0
26,73,18,D,0.0,3
26,74,18,D,0.0,0
26,75,18,D,0.0,0
26,76,19,D,0.0,0
26,77,19,D,0.0,1
26,78,19,D,0.0,0
26,79,19,D,0.0,0
26,80,20,D,0.0,1
26,81,20,D,0.0,1
26,82,20,D,0.0,0
26,83,20,D,0.0,0
26,84,21,D,0.0,1
26,85,21,D,0.0,0
26,86,21,D,0.0,1
26,87,21,D,0.0,1
26,88,22,D,0.0,2
26,89,22,D,0.0,1
26,90,22,D,0.0,2
26,91,22,D,0.0,0
26,92,23,D,0.0,1
26,93,23,D,0.0,2
26,94,23,D,0.0,0
26,95,23,D,0.0,2
26,96,24,D,0.0,0
26,97,24,D,0.0,0
26,98,24,D,0.0,0
26,99,24,D,0.0,1
27,0,0,D,0.0,0
27,1,0,D,0.0,0
27,2,0,D,0.0,0
27,3,0,D,0.0,4
27,4,1,D,0.0,2
27,5,1,D,0.0,1
27,6,1,D,0.0,1
27,7,1,D,0.0,2
27,8,2,D,0.0,1
27,9,2,D,0.0,1
27,10,2,D,0.0,2
27,11,2,D,0.0,1
27,12,3,D,0.0,1
27,13,3,D,0.0,0
27,14,3,D,0.0,2
27,15,3,D,0.0,1
27,16,4,D,0.0,2
27,17,4,D,0.0,1
27,18,4,D,0.0,1
27,19,4,D,0.0,1
27,20,5,D,0.0,2
27,21,5,D,0.0,2
27,22,5,D,0.0,2
27,23,5,D,0.0,1
27,24,6,D,0.0,1
27,25,6,D,0.0,0
27,26,6,D,0.0,2
27,27,6,D,0.0,0
27,28,7,D,0.0,1
27,29,7,D,0.0,2
27,30,7,D,0.0,2
27,31,7,D,0.0,1
27,32,8,D,0.0,1
27,33,8,D,0.0,3
27,34,8,D,0.0,0
27,35,8,D,0.0,0
27,36,9,D,0.0,0
27,37,9,D,0.0,2
27,38,9,D,0.0,0
27,39,9,D,0.0,0
27,40,10,D,0.0,1
27,41,10,D,0.0,1
27,42,10,D,0.0,0
27,43,10,D,0.0,0
27,44,11,D,0.0,3
27,45,11,D,0.0,0
27,46,11,D,0.0,0
27,47,11,D,0.0,1
27,48,12,D,0.0,1
27,49,12,D,0.0,1
27,50,12,D,0.0,0
27,51,12,D,0.0,2
27,52,13,D,0.0,0
27,53,13,D,0.0,1
27,54,13,D,0.0,0
27,55,13,D,0.0,1
27,56,14,D,0.0,0
27,57,14,D,0.0,2
27,58,14,D,0.0,0
27,59,14,D,0.0,2
27,60,15,D,0.0,1
27,61,15,D,0.0,0
27,62,15,D,0.0,1
27,63,15,D,0.0,1
27,64,16,D,0.0,1
27,65,16,D,0.0,0
27,66,16,D,0.0,3
27,67,16,D,0.0,0
27,68,17,D,0.0,0
27,69,17,D,0.0,0
27,70,17,D,0.0,2
27,71,17,D,0.0,4
27,72,18,D,0.0,1
27,73,18,D,0.0,1
27,74,18,D,0.0,0
27,75,18,D,0.0,1
27,76,19,D,0.0,1
27,77,19,D,0.0,2
27,78,19,D,0.0,2
27,79,19,D,0.0,1
27,80,20,D,0.0,1
27,81,20,D,0.0,2
27,82,20,D,0.0,1
27,83,20,D,0.0,0
27,84,21,D,0.0,1
27,85,21,D,0.0,1
27,86,21,D,0.0,0
27,87,21,D,0.0,0
27,88,22,D,0.0,0
27,89,22,D,0.0,1
27,90,22,D,0.0,4
27,91,22,D,0.0,2
27,92,23,D,0.0,0
27,93,23,D,0.0,0
27,94,23,D,0.0,0
27,95,23,D,0.0,0
27,96,24,D,0.0,0
27,97,24,D,0.0,1
27,98,24,D,0.0,1
27,99,24,D,0.0,1
28,0,0,D,0.0,0
28,1,0,D,0.0,0
28,2,0,D,0.0,2
28,3,0,D,0.0,0
28,4,1,D,0.0,1
28,5,1,D,0.0,0
28,6,1,D,0.0,1
28,7,1,D,0.0,0
28,8,2,D,0.0,0
28,9,2,D,0.0,0
28,10,2,D,0.0,2
28,11,2,D,0.0,1
28,12,3,D,0.0,4
28,13,3,D,0.0,0
28,14,3,D,0.0,0
28,15,3,D,0.0,2
28,16,4,D,0.0,1
28,17,4,D,0.0,1
28,18,4,D,0.0,1
28,19,4,D,0.0,0
28,20,5,D,0.0,1
28,21,5,D,0.0,2
28,22,5,D,0.0,0
28,23,5,D,0.0,1
28,24,6,D,0.0,0
28,25,6,D,0.0,0
28,26,6,D,0.0,1
28,27,6,D,0.0,1
28,28,7,C,-0.5,0
28,29,7,D,0.5,0
28,30,7,D,0.5,2
28,31,7,D,0.5,2
28,32,8,D,0.0,3
28,33,8,D,0.0,1
28,34,8,D,0.0,0
28,35,8,D,0.0,1
28,36,9,D,0.0,1
28,37,9,D,0.0,0
28,38,9,D,0.0,2
28,39,9,D,0.0,2
28,40,10,D,0.0,0
28,41,10,D,0.0,1
28,42,10,D,0.0,0
28,43,10,D,0.0,2
28,44,11,D,0.0,1
28,45,11,D,0.0,0
28,46,11,D,0.0,0
28,47,11,D,0.0,0
28,48,12,D,0.5,5
28,49,12,D,0.5,2
28,50,12,C,-0.5,0
28,51,12,D,0.5,3
28,52,13,D,0.0,0
28,53,13,D,0.0,1
28,54,13,D,0.0,2
28,55,13,D,0.0,2
28,56,14,D,0.0,1
28,57,14,D,0.0,2
28,58,14,D,0.0,0
28,59,14,D,0.0,1
28,60,15,D,0.0,1
28,61,15,D,0.0,3
28,62,15,D,0.0,0
28,63,15,D,0.0,4
28,64,16,D,0.0,1
28,65,16,D,0.0,1
28,66,16,D,0.0,1
28,67,16,D,0.0,0
28,68,17,D,0.0,2
28,69,17,D,0.0,1
28,70,17,D,0.0,1
28,71,17,D,0.0,0
28,72,18,D,0.0,1
28,73,18,D,0.0,2
28,74,18,D,0.0,0
28,75,18,D,0.0,1
28,76,19,D,0.0,3
28,77,19,D,0.0,1
28,78,19,D,0.0,0
28,79,19,D,0.0,1
28,80,20,D,0.0,1
28,81,20,D,0.0,1
28,82,20,D,0.0,1
28,83,20,D,0.0,2
28,84,21,D,0.0,1
28,85,21,D,0.0,1
28,86,21,D,0.0,0
28,87,21,D,0.0,4
28,88,22,D,0.0,0
28,89,22,D,0.0,0
28,90,22,D,0.0,0
28,91,22,D,0.0,0
28,92,23,C,-0.5,0
28,93,23,D,0.5,1
28,94,23,D,0.5,1
28,95,23,D,0.5,3
28,96,24,D,0.0,0
28,97,24,D,0.0,1
28,98,24,D,0.0,0
28,99,24,D,0.0,0
29,0,0,D,0.0,0
29,1,0,D,0.0,1
29,2,0,D,0.0,1
29,3,0,D,0.0,1
29,4,1,D,0.5,2
29,5,1,D,0.5,1
29,6,1,D,0.5,0
29,7,1,C,-0.5,0
29,8,2,D,0.0,1
29,9,2,D,0.0,0
29,10,2,D,0.0,1
29,11,2,D,0.0,0
29,12,3,D,0.0,0
29,13,3,D,0.0,1
29,14,3,D,0.0,0
29,15,3,D,0.0,2
29,16,4,D,0.0,2
29,17,4,D,0.0,0
29,18,4,D,0.0,1
29,19,4,D,0.0,3
29,20,5,D,0.0,2
29,21,5,D,0.0,2
29,22,5,D,0.0,1
29,23,5,D,0.0,0
29,24,6,D,0.0,2
29,25,6,D,0.0,1
29,26,6,D,0.0,0
29,27,6,D,0.0,2
29,28,7,D,0.0,1
29,29,7,D,0.0,0
29,30,7,D,0.0,0
29,31,7,D,0.0,1
29,32,8,D,0.0,0
29,33,8,D,0.0,0
29,34,8,D,0.0,3
29,35,8,D,0.0,0
29,36,9,D,0.0,0
29,37,9,D,0.0,1
29,38,9,D,0.0,1
29,39,9,D,0.0,1
29,40,10,D,0.0,1
29,41,10,D,0.0,1
29,42,10,D,0.0,1
29,43,10,D,0.0,0
29,44,11,D,0.0,1
29,45,11,D,0.0,2
29,46,11,D,0.0,1
29,47,11,D,0.0,0
29,48,12,D,0.0,1
29,49,12,D,0.0,5
29,50,12,D,0.0,1
29,51,12,D,0.0,1
29,52,13,D,0.0,2
29,53,13,D,0.0,1
29,54,13,D,0.0,0
29,55,13,D,0.0,1
29,56,14,D,0.0,0
29,57,14,D,0.0,1
29,58,14,D,0.0,2
29,59,14,D,0.0,1
29,60,15,D,0.0,0
29,61,15,D,0.0,0
29,62,15,D,0.0,1
29,63,15,D,0.0,1
29,64,16,D,0.0,0
29,65,16,D,0.0,0
29,66,16,D,0.0,2
29,67,16,D,0.0,2
29,68,17,D,0.0,1
29,69,17,D,0.0,1
29,70,17,D,0.0,0
29,71,17,D,0.0,0
29,72,18,D,0.0,2
29,73,18,D,0.0,0
29,74,18,D,0.0,0
29,75,18,D,0.0,2
29,76,19,D,0.0,0
29,77,19,D,0.0,1
29,78,19,D,0.0,2
29,79,19,D,0.0,3
29,80,20,D,0.0,2
29,81,20,D,0.0,1
29,82,20,D,0.0,0
29,83,20,D,0.0,1
29,84,21,D,0.0,0
29,85,21,D,0.0,0
29,86,21,D,0.0,0
29,87,21,D,0.0,1
29,88,22,D,0.0,0
29,89,22,D,0.0,2
29,90,22,D,0.0,2
29,91,22,D,0.0,2
29,92,23,D,0.0,1
29,93,23,D,0.0,0
29,94,23,D,0.0,0
29,95,23,D,0.0,2
29,96,24,D,0.0,0
29,97,24,D,0.0,3
29,98,24,D,0.0,4
29,99,24,D,0.0,3
30,0,0,D,0.0,1
30,1,0,D,0.0,4
30,2,0,D,0.0,0
30,3,0,D,0.0,0
30,4,1,D,0.0,2
30,5,1,D,0.0,3
30,6,1,D,0.0,0
30,7,1,D,0.0,0
30,8,2,D,0.5,3
30,9,2,C,-0.5,0
30,10,2,D,0.5,5
30,11,2,D,0.5,3
30,12,3,D,0.5,2
30,13,3,D,0.5,2
30,14,3,D,0.5,1
30,15,3,C,-0.5,1
30,16,4,D,0.0,0
30,17,4,D,0.0,1
30,18,4,D,0.0,1
30,19,4,D,0.0,1
30,20,5,D,0.0,2
30,21,5,D,0.0,1
30,22,5,D,0.0,0
30,23,5,D,0.0,0
30,24,6,D,0.0,2
30,25,6,D,0.0,1
30,26,6,D,0.0,0
30,27,6,D,0.0,2
30,28,7,D,0.0,2
30,29,7,D,0.0,1
30,30,7,D,0.0,1
30,31,7,D,0.0,0
30,32,8,D,0.0,2
30,33,8,D,0.0,1
30,34,8,D,0.0,3
30,35,8,D,0.0,1
30,36,9,D,0.0,1
30,37,9,D,0.0,3
30,38,9,D,0.0,1
30,39,9,D,0.0,1
30,40,10,D,0.0,1
30,41,10,D,0.0,1
30,42,10,D,0.0,2
30,43,10,D,0.0,0
30,44,11,D,0.0,0
30,45,11,D,0.0,2
30,46,11,D,0.0,1
30,47,11,D,0.0,0
30,48,12,D,0.0,0
30,49,12,D,0.0,2
30,50,12,D,0.0,0
30,51,12,D,0.0,0
30,52,13,D,0.0,1
30,53,13,D,0.0,2
30,54,13,D,0.0,1
30,55,13,D,0.0,0
30,56,14,D,0.0,0
30,57,14,D,0.0,0
30,58,14,D,0.0,0
30,59,14,D,0.0,1
30,60,15,D,0.0,0
30,61,15,D,0.0,0
30,62,15,D,0.0,2
30,63,15,D,0.0,2
30,64,16,D,0.0,0
30,65,16,D,0.0,0
30,66,16,D,0.0,0
30,67,16,D,0.0,0
30,68,17,D,0.0,1
30,69,17,D,0.0,2
30,70,17,D,0.0,1
30,71,17,D,0.0,0
30,72,18,D,0.0,0
30,73,18,D,0.0,2
30,74,18,D,0.0,3
30,75,18,D,0.0,2
30,76,19,D,0.0,0
30,77,19,D,0.0,0
30,78,19,D,0.0,0
30,79,19,D,0.0,3
30,80,20,D,0.0,0
30,81,20,D,0.0,1
30,82,20,D,0.0,3
30,83,20,D,0.0,1
30,84,21,D,0.0,1
30,85,21,D,0.0,0
30,86,21,D,0.0,1
30,87,21,D,0.0,1
30,88,22,D,0.0,0
30,89,22,D,0.0,0
30,90,22,D,0.0,0
30,91,22,D,0.0,2
30,92,23,D,0.0,1
30,93,23,D,0.0,0
30,94,23,D,0.0,0
30,95,23,D,0.0,1
30,96,24,D,0.0,1
30,97,24,D,0.0,0
30,98,24,D,0.0,0
30,99,24,D,0.0,0
31,0,0,D,0.0,0
31,1,0,D,0.0,0
31,2,0,D,0.0,1
31,3,0,D,0.0,0
31,4,1,D,0.0,2
31,5,1,D,0.0,1
31,6,1,D,0.0,3
31,7,1,D,0.0,0
31,8,2,D,0.0,2
31,9,2,D,0.0,1
31,10,2,D,0.0,0
31,11,2,D,0.0,4
31,12,3,D,0.0,1
31,13,3,D,0.0,3
31,14,3,D,0.0,0
31,15,3,D,0.0,1
31,16,4,D,0.0,2
31,17,4,D,0.0,1
31,18,4,D,0.0,1
31,19,4,D,0.0,1
31,20,5,D,0.0,1
31,21,5,D,0.0,1
31,22,5,D,0.0,3
31,23,5,D,0.0,2
31,24,6,D,0.0,2
31,25,6,D,0.0,1
31,26,6,D,0.0,1
31,27,6,D,0.0,1
31,28,7,D,0.0,1
31,29,7,D,0.0,1
31,30,7,D,0.0,0
31,31,7,D,0.0,0
31,32,8,D,0.0,2
31,33,8,D,0.0,0
31,34,8,D,0.0,1
31,35,8,D,0.0,1
31,36,9,D,0.0,2
31,37,9,D,0.0,0
31,38,9,D,0.0,0
31,39,9,D,0.0,1
31,40,10,D,0.0,1
31,41,10,D,0.0,1
31,42,10,D,0.0,0
31,43,10,D,0.0,0
31,44,11,D,0.0,2
31,45,11,D,0.0,1
31,46,11,D,0.0,0
31,47,11,D,0.0,0
31,48,12,D,0.5,0
31,49,12,C,-0.5,0
31,50,12,D,0.5,2
31,51,12,D,0.5,0
31,52,13,D,0.0,1
31,53,13,D,0.0,4
31,54,13,D,0.0,1
31,55,13,D,0.0,0
31,56,14,D,0.0,2
31,57,14,D,0.0,0
31,58,14,D,0.0,0
31,59,14,D,0.0,1
31,60,15,D,0.0,1
31,61,15,D,0.0,0
31,62,15,D,0.0,1
31,63,15,D,0.0,1
31,64,16,D,0.0,1
31,65,16,D,0.0,2
31,66,16,D,0.0,3
31,67,16,D,0.0,0
31,68,17,D,0.0,0
31,69,17,D,0.0,1
31,70,17,D,0.0,2
31,71,17,D,0.0,2
31,72,18,D,0.0,3
31,73,18,D,0.0,1
31,74,18,D,0.0,3
31,75,18,D,0.0,2
31,76,19,D,0.0,0
31,77,19,D,0.0,1
31,78,19,D,0.0,1
31,79,19,D,0.0,1
31,80,20,D,0.0,1
31,81,20,D,0.0,0
31,82,20,D,0.0,0
31,83,20,D,0.0,0
31,84,21,D,0.0,1
31,85,21,D,0.0,2
31,86,21,D,0.0,0
31,87,21,D,0.0,0
31,88,22,D,0.0,2
31,89,22,D,0.0,0
31,90,22,D,0.0,1
31,91,22,D,0.0,2
31,92,23,D,0.0,0
31,93,23,D,0.0,0
31,94,23,D,0.0,2
31,95,23,D,0.0,0
31,96,24,D,0.0,1
31,97,24,D,0.0,0
31,98,24,D,0.0,1
31,99,24,D,0.0,0
32,0,0,D,0.0,0
32,1,0,D,0.0,2
32,2,0,D,0.0,0
32,3,0,D,0.0,0
32,4,1,D,0.0,1
32,5,1,D,0.0,1
32,6,1,D,0.0,3
32,7,1,D,0.0,2
32,8,2,D,0.0,0
32,9,2,D,0.0,0
32,10,2,D,0.0,2
32,11,2,D,0.0,0
32,12,3,D,0.0,0
32,13,3,D,0.0,0
32,14,3,D,0.0,1
32,15,3,D,0.0,2
32,16,4,D,0.0,2
32,17,4,D,0.0,0
32,18,4,D,0.0,2
32,19,4,D,0.0,2
32,20,5,D,0.0,0
32,21,5,D,0.0,1
32,22,5,D,0.0,1
32,23,5,D,0.0,1
32,24,6,D,0.0,0
32,25,6,D,0.0,1
32,26,6,D,0.0,1
32,27,6,D,0.0,2
32,28,7,D,0.0,1
32,29,7,D,0.0,0
32,30,7,D,0.0,2
32,31,7,D,0.0,0
32,32,8,D,0.0,1
32,33,8,D,0.0,2
32,34,8,D,0.0,0
32,35,8,D,0.0,3
32,36,9,D,0.0,2
32,37,9,D,0.0,1
32,38,9,D,0.0,0
32,39,9,D,0.0,1
32,40,10,D,0.0,1
32,41,10,D,0.0,2
32,42,10,D,0.0,0
32,43,10,D,0.0,3
32,44,11,D,0.0,0
32,45,11,D,0.0,0
32,46,11,D,0.0,1
32,47,11,D,0.0,2
32,48,12,D,0.0,0
32,49,12,D,0.0,0
32,50,12,D,0.0,2
32,51,12,D,0.0,2
32,52,13,D,1.0,3
32,53,13,D,1.0,3
32,54,13,C,0.0,2
32,55,13,C,0.0,0
32,56,14,D,0.0,0
32,57,14,D,0.0,0
32,58,14,D,0.0,0
32,59,14,D,0.0,0
32,60,15,D,0.0,0
32,61,15,D,0.0,0
32,62,15,D,0.0,0
32,63,15,D,0.0,2
32,64,16,D,0.0,2
32,65,16,D,0.0,0
32,66,16,D,0.0,1
32,67,16,D,0.0,1
32,68,17,D,0.0,3
32,69,17,D,0.0,0
32,70,17,D,0.0,0
32,71,17,D,0.0,1
32,72,18,D,0.0,1
32,73,18,D,0.0,0
32,74,18,D,0.0,1
32,75,18,D,0.0,0
32,76,19,D,0.0,2
32,77,19,D,0.0,1
32,78,19,D,0.0,0
32,79,19,D,0.0,1
32,80,20,D,0.5,2
32,81,20,D,0.5,2
32,82,20,D,0.5,2
32,83,20,C,-0.5,0
32,84,21,D,0.0,1
32,85,21,D,0.0,0
32,86,21,D,0.0,0
32,87,21,D,0.0,0
32,88,22,D,0.0,1
32,89,22,D,0.0,3
32,90,22,D,0.0,1
32,91,22,D,0.0,2
32,92,23,D,0.0,2
32,93,23,D,0.0,0
32,94,23,D,0.0,0
32,95,23,D,0.0,2
32,96,24,D,0.0,0
32,97,24,D,0.0,2
32,98,24,D,0.0,3
32,99,24,D,0.0,0
33,0,0,D,0.0,1
33,1,0,D,0.0,4
33,2,0,D,0.0,1
33,3,0,D,0.0,2
33,4,1,D,0.0,0
33,5,1,D,0.0,2
33,6,1,D,0.0,0
33,7,1,D,0.0,2
33,8,2,D,0.0,1
33,9,2,D,0.0,0
33,10,2,D,0.0,1
33,11,2,D,0.0,0
33,12,3,D,0.0,1
33,13,3,D,0.0,2
33,14,3,D,0.0,1
33,15,3,D,0.0,0
33,16,4,D,0.5,2
33,17,4,C,-0.5,1
33,18,4,D,0.5,0
33,19,4,D,0.5,1
33,20,5,D,0.0,1
33,21,5,D,0.0,1
33,22,5,D,0.0,2
33,23,5,D,0.0,1
33,24,6,D,0.0,2
33,25,6,D,0.0,2
33,26,6,D,0.0,0
33,27,6,D,0.0,0
33,28,7,D,0.0,1
33,29,7,D,0.0,2
33,30,7,D,0.0,2
33,31,7,D,0.0,1
33,32,8,D,0.0,0
33,33,8,D,0.0,2
33,34,8,D,0.0,0
33,35,8,D,0.0,2
33,36,9,D,0.0,1
33,37,9,D,0.0,0
33,38,9,D,0.0,0
33,39,9,D,0.0,1
33,40,10,D,0.0,2
33,41,10,D,0.0,0
33,42,10,D,0.0,0
33,43,10,D,0.0,1
33,44,11,D,0.0,1
33,45,11,D,0.0,2
33,46,11,D,0.0,1
33,47,11,D,0.0,2
33,48,12,D,0.0,0
33,49,12,D,0.0,1
33,50,12,D,0.0,0
33,51,12,D,0.0,0
33,52,13,D,0.0,1
33,53,13,D,0.0,1
33,54,13,D,0.0,2
33,55,13,D,0.0,0
33,56,14,D,0.0,0
33,57,14,D,0.0,0
33,58,14,D,0.0,0
33,59,14,D,0.0,2
33,60,15,D,0.0,1
33,61,15,D,0.0,0
33,62,15,D,0.0,1
33,63,15,D,0.0,2
33,64,16,D,0.0,3
33,65,16,D,0.0,1
33,66,16,D,0.0,1
33,67,16,D,0.0,0
33,68,17,D,0.0,1
33,69,17,D,0.0,1
33,70,17,D,0.0,1
33,71,17,D,0.0,0
33,72,18,D,0.0,1
33,73,18,D,0.0,1
33,74,18,D,0.0,1
33,75,18,D,0.0,0
33,76,19,D,0.0,2
33,77,19,D,0.0,0
33,78,19,D,0.0,0
33,79,19,D,0.0,0
33,80,20,D,0.0,1
33,81,20,D,0.0,2
33,82,20,D,0.0,1
33,83,20,D,0.0,0
33,84,21,D,0.0,1
33,85,21,D,0.0,0
33,86,21,D,0.0,1
33,87,21,D,0.0,3
33,88,22,D,0.0,1
33,89,22,D,0.0,3
33,90,22,D,0.0,0
33,91,22,D,0.0,4
33,92,23,D,0.0,0
33,93,23,D,0.0,2
33,94,23,D,0.0,2
33,95,23,D,0.0,0
33,96,24,D,0.0,0
33,97,24,D,0.0,1
33,98,24,D,0.0,1
33,99,24,D,0.0,1
34,0,0,D,0.0,0
34,1,0,D,0.0,0
34,2,0,D,0.0,1
34,3,0,D,0.0,2
34,4,1,D,0.0,0
34,5,1,D,0.0,0
34,6,1,D,0.0,1
34,7,1,D,0.0,0
34,8,2,D,0.0,0
34,9,2,D,0.0,2
34,10,2,D,0.0,0
34,11,2,D,0.0,1
34,12,3,D,0.0,2
34,13,3,D,0.0,1
34,14,3,D,0.0,2
34,15,3,D,0.0,1
34,16,4,D,0.0,0
34,17,4,D,0.0,2
34,18,4,D,0.0,0
34,19,4,D,0.0,2
34,20,5,D,0.0,0
34,21,5,D,0.0,2
34,22,5,D,0.0,0
34,23,5,D,0.0,0
34,24,6,D,0.0,2
34,25,6,D,0.0,0
34,26,6,D,0.0,0
34,27,6,D,0.0,0
34,28,7,D,0.0,2
34,29,7,D,0.0,1
34,30,7,D,0.0,2
34,31,7,D,0.0,2
34,32,8,D,0.0,1
34,33,8,D,0.0,4
34,34,8,D,0.0,1
34,35,8,D,0.0,1
34,36,9,D,0.0,0
34,37,9,D,0.0,1
34,38,9,D,0.0,1
34,39,9,D,0.0,3
34,40,10,D,0.0,2
34,41,10,D,0.0,1
34,42,10,D,0.0,0
34,43,10,D,0.0,2
34,44,11,D,0.0,1
34,45,11,D,0.0,1
34,46,11,D,0.0,1
34,47,11,D,0.0,2
34,48,12,D,0.0,2
34,49,12,D,0.0,2
34,50,12,D,0.0,1
34,51,12,D,0.0,0
34,52,13,D,0.0,2
34,53,13,D,0.0,0
34,54,13,D,0.0,2
34,55,13,D,0.0,2
34,56,14,D,0.5,1
34,57,14,C,-0.5,0
34,58,14,D,0.5,0
34,59,14,D,0.5,2
34,60,15,D,0.0,1
34,61,15,D,0.0,2
34,62,15,D,0.0,3
34,63,15,D,0.0,2
34,64,16,D,0.0,0
34,65,16,D,0.0,1
34,66,16,D,0.0,0
34,67,16,D,0.0,1
34,68,17,D,0.0,2
34,69,17,D,0.0,0
34,70,17,D,0.0,0
34,71,17,D,0.0,0
34,72,18,D,0.0,2
34,73,18,D,0.0,1
34,74,18,D,0.0,0
34,75,18,D,0.0,1
34,76,19,D,0.0,1
34,77,19,D,0.0,3
34,78,19,D,0.0,1
34,79,19,D,0.0,0
34,80,20,D,0.0,2
34,81,20,D,0.0,2
34,82,20,D,0.0,0
34,83,20,D,0.0,0
34,84,21,D,0.0,1
34,85,21,D,0.0,0
34,86,21,D,0.0,0
34,87,21,D,0.0,1
34,88,22,D,0.0,1
34,89,22,D,0.0,1
34,90,22,D,0.0,3
34,91,22,D,0.0,0
34,92,23,D,0.0,0
34,93,23,D,0.0,1
34,94,23,D,0.0,1
34,95,23,D,0.0,0
34,96,24,D,0.0,0
34,97,24,D,0.0,0
34,98,24,D,0.0,0
34,99,24,D,0.0,2
35,0,0,D,0.0,0
35,1,0,D,0.0,0
35,2,0,D,0.0,1
35,3,0,D,0.0,1
35,4,1,D,0.0,0
35,5,1,D,0.0,4
35,6,1,D,0.0,3
35,7,1,D,0.0,2
35,8,2,D,0.0,0
35,9,2,D,0.0,1
35,10,2,D,0.0,0
35,11,2,D,0.0,1
35,12,3,D,0.0,1
35,13,3,D,0.0,0
35,14,3,D,0.0,0
35,15,3,D,0.0,1
35,16,4,D,0.0,0
35,17,4,D,0.0,0
35,18,4,D,0.0,0
35,19,4,D,0.0,0
35,20,5,D,0.0,2
35,21,5,D,0.0,2
35,22,5,D,0.0,0
35,23,5,D,0.0,1
35,24,6,D,0.0,3
35,25,6,D,0.0,0
35,26,6,D,0.0,1
35,27,6,D,0.0,3
35,28,7,D,0.0,2
35,29,7,D,0.0,1
35,30,7,D,0.0,0
35,31,7,D,0.0,3
35,32,8,D,0.0,2
35,33,8,D,0.0,3
35,34,8,D,0.0,3
35,35,8,D,0.0,0
35,36,9,D,0.0,1
35,37,9,D,0.0,1
35,38,9,D,0.0,1
35,39,9,D,0.0,0
35,40,10,D,0.0,0
35,41,10,D,0.0,0
35,42,10,D,0.0,1
35,43,10,D,0.0,1
35,44,11,D,0.0,0
35,45,11,D,0.0,2
35,46,11,D,0.0,0
35,47,11,D,0.0,4
35,48,12,D,0.0,0
35,49,12,D,0.0,1
35,50,12,D,0.0,3
35,51,12,D,0.0,0
35,52,13,D,0.0,0
35,53,13,D,0.0,1
35,54,13,D,0.0,1
35,55,13,D,0.0,0
35,56,14,D,0.0,0
35,57,14,D,0.0,2
35,58,14,D,0.0,1
35,59,14,D,0.0,1
35,60,15,D,0.0,2
35,61,15,D,0.0,2
35,62,15,D,0.0,1
35,63,15,D,0.0,1
35,64,16,D,0.0,0
35,65,16,D,0.0,1
35,66,16,D,0.0,0
35,67,16,D,0.0,0
35,68,17,D,0.0,1
35,69,17,D,0.0,0
35,70,17,D,0.0,0
35,71,17,D,0.0,1
35,72,18,D,0.0,1
35,73,18,D,0.0,0
35,74,18,D,0.0,1
35,75,18,D,0.0,2
35,76,19,D,0.0,0
35,77,19,D,0.0,1
35,78,19,D,0.0,1
35,79,19,D,0.0,0
35,80,20,D,0.0,2
35,81,20,D,0.0,1
35,82,20,D,0.0,1
35,83,20,D,0.0,3
35,84,21,D,0.0,0
35,85,21,D,0.0,1
35,86,21,D,0.0,0
35,87,21,D,0.0,1
35,88,22,D,0.0,3
35,89,22,D,0.0,1
35,90,22,D,0.0,2
35,91,22,D,0.0,2
35,92,23,D,0.0,0
35,93,23,D,0.0,0
35,94,23,D,0.0,0
35,95,23,D,0.0,4
35,96,24,D,0.0,0
35,97,24,D,0.0,1
35,98,24,D,0.0,1
35,99,24,D,0.0,0
36,0,0,D,0.0,1
36,1,0,D,0.0,1
36,2,0,D,0.0,1
36,3,0,D,0.0,1
36,4,1,D,0.0,1
36,5,1,D,0.0,0
36,6,1,D,0.0,0
36,7,1,D,0.0,3
36,8,2,D,0.0,1
36,9,2,D,0.0,2
36,10,2,D,0.0,1
36,11,2,D,0.0,0
36,12,3,D,0.0,0
36,13,3,D,0.0,0
36,14,3,D,0.0,1
36,15,3,D,0.0,0
36,16,4,D,0.0,1
36,17,4,D,0.0,1
36,18,4,D,0.0,1
36,19,4,D,0.0,2
36,20,5,C,-0.5,0
36,21,5,D,0.5,4
36,22,5,D,0.5,0
36,23,5,D,0.5,1
36,24,6,D,0.0,1
36,25,6,D,0.0,1
36,26,6,D,0.0,3
36,27,6,D,0.0,1
36,28,7,D,0.0,3
36,29,7,D,0.0,0
36,30,7,D,0.0,1
36,31,7,D,0.0,0
36,32,8,D,0.0,0
36,33,8,D,0.0,0
36,34,8,D,0.0,2
36,35,8,D,0.0,1
36,36,9,D,0.0,1
36,37,9,D,0.0,2
36,38,9,D,0.0,2
36,39,9,D,0.0,3
36,40,10,D,0.0,1
36,41,10,D,0.0,0
36,42,10,D,0.0,0
36,43,10,D,0.0,0
36,44,11,D,0.0,1
36,45,11,D,0.0,2
36,46,11,D,0.0,0
36,47,11,D,0.0,1
36,48,12,D,0.5,0
36,49,12,C,-0.5,0
36,50,12,D,0.5,2
36,51,12,D,0.5,0
36,52,13,D,0.0,2
36,53,13,D,0.0,2
36,54,13,D,0.0,1
36,55,13,D,0.0,0
36,56,14,D,0.0,1
36,57,14,D,0.0,0
36,58,14,D,0.0,2
36,59,14,D,0.0,3
36,60,15,D,0.0,2
36,61,15,D,0.0,2
36,62,15,D,0.0,1
36,63,15,D,0.0,1
36,64,16,D,0.0,0
36,65,16,D,0.0,0
36,66,16,D,0.0,1
36,67,16,D,0.0,4
36,68,17,D,0.0,1
36,69,17,D,0.0,1
36,70,17,D,0.0,1
36,71,17,D,0.0,0
36,72,18,D,0.0,0
36,73,18,D,0.0,0
36,74,18,D,0.0,1
36,75,18,D,0.0,1
36,76,19,D,0.0,1
36,77,19,D,0.0,2
36,78,19,D,0.0,1
36,79,19,D,0.0,1
36,80,20,D,0.0,0
36,81,20,D,0.0,1
36,82,20,D,0.0,1
36,83,20,D,0.0,0
36,84,21,D,0.0,1
36,85,21,D,0.0,1
36,86,21,D,0.0,1
36,87,21,D,0.0,1
36,88,22,D,0.0,1
36,89,22,D,0.0,2
36,90,22,D,0.0,1
36,91,22,D,0.0,1
36,92,23,D,0.0,0
36,93,23,D,0.0,2
36,94,23,D,0.0,0
36,95,23,D,0.0,1
36,96,24,D,0.0,2
36,97,24,D,0.0,1
36,98,24,D,0.0,0
36,99,24,D,0.0,0
37,0,0,D,0.0,0
37,1,0,D,0.0,1
37,2,0,D,0.0,1
37,3,0,D,0.0,1
37,4,1,D,0.0,2
37,5,1,D,0.0,1
37,6,1,D,0.0,0
37,7,1,D,0.0,0
37,8,2,D,0.0,0
37,9,2,D,0.0,1
37,10,2,D,0.0,2
37,11,2,D,0.0,0
37,12,3,D,0.0,2
37,13,3,D,0.0,0
37,14,3,D,0.0,1
37,15,3,D,0.0,2
37,16,4,D,0.0,0
37,17,4,D,0.0,0
37,18,4,D,0.0,1
37,19,4,D,0.0,0
37,20,5,D,0.0,0
37,21,5,D,0.0,0
37,22,5,D,0.0,0
37,23,5,D,0.0,2
37,24,6,D,0.0,1
37,25,6,D,0.0,2
37,26,6,D,0.0,1
37,27,6,D,0.0,1
37,28,7,D,0.0,1
37,29,7,D,0.0,3
37,30,7,D,0.0,1
37,31,7,D,0.0,1
37,32,8,D,0.0,2
37,33,8,D,0.0,0
37,34,8,D,0.0,0
37,35,8,D,0.0,3
37,36,9,D,0.0,1
37,37,9,D,0.0,2
37,38,9,D,0.0,1
37,39,9,D,0.0,1
37,40,10,D,0.0,1
37,41,10,D,0.0,0
37,42,10,D,0.0,1
37,43,10,D,0.0,2
37,44,11,D,0.0,0
37,45,11,D,0.0,0
37,46,11,D,0.0,3
37,47,11,D,0.0,1
37,48,12,D,0.0,1
37,49,12,D,0.0,1
37,50,12,D,0.0,2
37,51,12,D,0.0,0
37,52,13,D,0.0,1
37,53,13,D,0.0,0
37,54,13,D,0.0,2
37,55,13,D,0.0,1
37,56,14,D,0.0,4
37,57,14,D,0.0,1
37,58,14,D,0.0,0
37,59,14,D,0.0,0
37,60,15,D,0.0,3
37,61,15,D,0.0,0
37,62,15,D,0.0,1
37,63,15,D,0.0,1
37,64,16,D,0.0,1
37,65,16,D,0.0,1
37,66,16,D,0.0,0
37,67,16,D,0.0,1
37,68,17,D,0.0,2
37,69,17,D,0.0,2
37,70,17,D,0.0,2
37,71,17,D,0.0,0
37,72,18,D,0.0,1
37,73,18,D,0.0,1
37,74,18,D,0.0,1
37,75,18,D,0.0,3
37,76,19,D,0.0,0
37,77,19,D,0.0,0
37,78,19,D,0.0,0
37,79,19,D,0.0,0
37,80,20,D,0.0,0
37,81,20,D,0.0,1
37,82,20,D,0.0,0
37,83,20,D,0.0,1
37,84,21,D,0.0,0
37,85,21,D,0.0,2
37,86,21,D,0.0,1
37,87,21,D,0.0,0
37,88,22,D,0.0,0
37,89,22,D,0.0,2
37,90,22,D,0.0,3
37,91,22,D,0.0,3
37,92,23,D,0.0,2
37,93,23,D,0.0,1
37,94,23,D,0.0,1
37,95,23,D,0.0,1
37,96,24,D,0.0,2
37,97,24,D,0.0,1
37,98,24,D,0.0,0
37,99,24,D,0.0,0
38,0,0,D,0.0,1
38,1,0,D,0.0,2
38,2,0,D,0.0,0
38,3,0,D,0.0,1
38,4,1,D,0.0,0
38,5,1,D,0.0,1
38,6,1,D,0.0,1
38,7,1,D,0.0,0
38,8,2,D,0.0,3
38,9,2,D,0.0,0
38,10,2,D,0.0,0
38,11,2,D,0.0,3
38,12,3,D,0.0,0
38,13,3,D,0.0,1
38,14,3,D,0.0,0
38,15,3,D,0.0,0
38,16,4,D,0.0,1
38,17,4,D,0.0,0
38,18,4,D,0.0,1
38,19,4,D,0.0,3
38,20,5,D,0.0,1
38,21,5,D,0.0,2
38,22,5,D,0.0,1
38,23,5,D,0.0,0
38,24,6,D,0.0,0
38,25,6,D,0.0,2
38,26,6,D,0.0,2
38,27,6,D,0.0,1
38,28,7,D,0.0,1
38,29,7,D,0.0,0
38,30,7,D,0.0,0
38,31,7,D,0.0,0
38,32,8,D,0.0,1
38,33,8,D,0.0,0
38,34,8,D,0.0,0
38,35,8,D,0.0,1
38,36,9,D,0.0,2
38,37,9,D,0.0,2
38,38,9,D,0.0,2
38,39,9,D,0.0,1
38,40,10,D,0.0,0
38,41,10,D,0.0,0
38,42,10,D,0.0,1
38,43,10,D,0.0,1
38,44,11,D,0.0,0
38,45,11,D,0.0,1
38,46,11,D,0.0,4
38,47,11,D,0.0,0
38,48,12,D,0.0,0
38,49,12,D,0.0,0
38,50,12,D,0.0,0
38,51,12,D,0.0,0
38,52,13,D,0.0,1
38,53,13,D,0.0,1
38,54,13,D,0.0,1
38,55,13,D,0.0,2
38,56,14,D,0.0,2
38,57,14,D,0.0,0
38,58,14,D,0.0,0
38,59,14,D,0.0,0
38,60,15,D,0.0,2
38,61,15,D,0.0,1
38,62,15,D,0.0,1
38,63,15,D,0.0,1
38,64,16,D,0.0,2
38,65,16,D,0.0,1
38,66,16,D,0.0,1
38,67,16,D,0.0,3
38,68,17,D,0.0,0
38,69,17,D,0.0,1
38,70,17,D,0.0,1
38,71,17,D,0.0,1
38,72,18,D,0.0,2
38,73,18,D,0.0,2
38,74,18,D,0.0,1
38,75,18,D,0.0,2
38,76,19,D,0.0,1
38,77,19,D,0.0,0
38,78,19,D,0.0,1
38,79,19,D,0.0,1
38,80,20,D,0.0,1
38,81,20,D,0.0,3
38,82,20,D,0.0,2
38,83,20,D,0.0,3
38,84,21,D,0.0,0
38,85,21,D,0.0,0
38,86,21,D,0.0,5
38,87,21,D,0.0,0
38,88,22,D,0.0,1
38,89,22,D,0.0,4
38,90,22,D,0.0,1
38,91,22,D,0.0,0
38,92,23,D,0.0,1
38,93,23,D,0.0,0
38,94,23,D,0.0,1
38,95,23,D,0.0,0
38,96,24,D,0.0,0
38,97,24,D,0.0,1
38,98,24,D,0.0,1
38,99,24,D,0.0,0
39,0,0,D,0.0,1
39,1,0,D,0.0,2
39,2,0,D,0.0,0
39,3,0,D,0.0,0
39,4,1,D,0.0,0
39,5,1,D,0.0,0
39,6,1,D,0.0,0
39,7,1,D,0.0,3
39,8,2,D,0.0,0
39,9,2,D,0.0,0
39,10,2,D,0.0,0
39,11,2,D,0.0,0
39,12,3,D,0.0,0
39,13,3,D,0.0,1
39,14,3,D,0.0,3
39,15,3,D,0.0,1
39,16,4,D,0.0,0
39,17,4,D,0.0,0
39,18,4,D,0.0,0
39,19,4,D,0.0,1
39,20,5,D,0.0,1
39,21,5,D,0.0,2
39,22,5,D,0.0,1
39,23,5,D,0.0,0
39,24,6,D,0.0,0
39,25,6,D,0.0,0
39,26,6,D,0.0,1
39,27,6,D,0.0,1
39,28,7,D,0.0,0
39,29,7,D,0.0,0
39,30,7,D,0.0,2
39,31,7,D,0.0,0
39,32,8,D,0.0,0
39,33,8,D,0.0,1
39,34,8,D,0.0,2
39,35,8,D,0.0,3
39,36,9,D,0.0,1
39,37,9,D,0.0,3
39,38,9,D,0.0,1
39,39,9,D,0.0,0
39,40,10,D,0.0,2
39,41,10,D,0.0,1
39,42,10,D,0.0,0
39,43,10,D,0.0,1
39,44,11,D,0.0,0
39,45,11,D,0.0,1
39,46,11,D,0.0,0
39,47,11,D,0.0,1
39,48,12,D,0.0,1
39,49,12,D,0.0,1
39,50,12,D,0.0,1
39,51,12,D,0.0,1
39,52,13,D,0.0,1
39,53,13,D,0.0,1
39,54,13,D,0.0,1
39,55,13,D,0.0,0
39,56,14,D,0.0,2
39,57,14,D,0.0,0
39,58,14,D,0.0,1
39,59,14,D,0.0,0
39,60,15,D,0.0,2
39,61,15,D,0.0,0
39,62,15,D,0.0,3
39,63,15,D,0.0,1
39,64,16,D,0.0,0
39,65,16,D,0.0,0
39,66,16,D,0.0,0
39,67,16,D,0.0,2
39,68,17,D,0.0,1
39,69,17,D,0.0,0
39,70,17,D,0.0,1
39,71,17,D,0.0,0
39,72,18,D,0.0,0
39,73,18,D,0.0,0
39,74,18,D,0.0,2
39,75,18,D,0.0,1
39,76,19,D,0.0,0
39,77,19,D,0.0,0
39,78,19,D,0.0,0
39,79,19,D,0.0,0
39,80,20,D,0.0,1
39,81,20,D,0.0,0
39,82,20,D,0.0,0
39,83,20,D,0.0,1
39,84,21,D,0.0,0
39,85,21,D,0.0,2
39,86,21,D,0.0,2
39,87,21,D,0.0,0
39,88,22,D,0.0,1
39,89,22,D,0.0,0
39,90,22,D,0.0,5
39,91,22,D,0.0,0
39,92,23,D,0.0,0
39,93,23,D,0.0,1
39,94,23,D,0.0,2
39,95,23,D,0.0,1
39,96,24,C,0.0,1
39,97,24,D,1.0,7
39,98,24,C,0.0,2
39,99,24,D,1.0,14
40,0,0,D,0.5,2
40,1,0,D,0.5,3
40,2,0,D,0.5,0
40,3,0,C,-0.5,0
40,4,1,D,0.0,0
40,5,1,D,0.0,2
40,6,1,D,0.0,1
40,7,1,D,0.0,2
40,8,2,D,0.0,3
40,9,2,D,0.0,0
40,10,2,D,0.0,1
40,11,2,D,0.0,0
40,12,3,D,0.0,0
40,13,3,D,0.0,1
40,14,3,D,0.0,1
40,15,3,D,0.0,1
40,16,4,D,0.0,0
40,17,4,D,0.0,0
40,18,4,D,0.0,1
40,19,4,D,0.0,0
40,20,5,D,0.0,0
40,21,5,D,0.0,1
40,22,5,D,0.0,1
40,23,5,D,0.0,0
40,24,6,D,0.0,2
40,25,6,D,0.0,2
40,26,6,D,0.0,1
40,27,6,D,0.0,1
40,28,7,D,0.0,2
40,29,7,D,0.0,0
40,30,7,D,0.0,0
40,31,7,D,0.0,2
40,32,8,D,0.0,1
40,33,8,D,0.0,2
40,34,8,D,0.0,0
40,35,8,D,0.0,0
40,36,9,D,0.0,1
40,37,9,D,0.0,0
40,38,9,D,0.0,1
40,39,9,D,0.0,1
40,40,10,D,0.0,0
40,41,10,D,0.0,3
40,42,10,D,0.0,1
40,43,10,D,0.0,0
40,44,11,C,-0.5,0
40,45,11,D,0.5,0
40,46,11,D,0.5,3
40,47,11,D,0.5,6
40,48,12,D,0.0,0
40,49,12,D,0.0,0
40,50,12,D,0.0,1
40,51,12,D,0.0,2
40,52,13,D,0.0,1
40,53,13,D,0.0,1
40,54,13,D,0.0,1
40,55,13,D,0.0,0
40,56,14,D,0.0,2
40,57,14,D,0.0,0
40,58,14,D,0.0,1
40,59,14,D,0.0,1
40,60,15,D,0.0,1
40,61,15,D,0.0,0
40,62,15,D,0.0,1
40,63,15,D,0.0,2
40,64,16,D,0.0,2
40,65,16,D,0.0,0
40,66,16,D,0.0,1
40,67,16,D,0.0,1
40,68,17,D,0.0,0
40,69,17,D,0.0,1
40,70,17,D,0.0,1
40,71,17,D,0.0,2
40,72,18,D,0.0,0
40,73,18,D,0.0,0
40,74,18,D,0.0,0
40,75,18,D,0.0,1
40,76,19,D,0.0,2
40,77,19,D,0.0,0
40,78,19,D,0.0,2
40,79,19,D,0.0,0
40,80,20,D,0.0,0
40,81,20,D,0.0,1
40,82,20,D,0.0,3
40,83,20,D,0.0,0
40,84,21,D,0.0,1
40,85,21,D,0.0,1
40,86,21,D,0.0,1
40,87,21,D,0.0,0
40,88,22,D,0.5,3
40,89,22,C,-0.5,0
40,90,22,D,0.5,4
40,91,22,D,0.5,1
40,92,23,D,0.0,1
40,93,23,D,0.0,1
40,94,23,D,0.0,1
40,95,23,D,0.0,0
40,96,24,C,0.0,1
40,97,24,D,1.0,1
40,98,24,C,0.0,1
40,99,24,D,1.0,3
41,0,0,D,0.0,1
41,1,0,D,0.0,0
41,2,0,D,0.0,1
41,3,0,D,0.0,3
41,4,1,D,0.0,1
41,5,1,D,0.0,1
41,6,1,D,0.0,0
41,7,1,D,0.0,2
41,8,2,D,0.0,0
41,9,2,D,0.0,0
41,10,2,D,0.0,1
41,11,2,D,0.0,0
41,12,3,D,0.0,1
41,13,3,D,0.0,1
41,14,3,D,0.0,3
41,15,3,D,0.0,0
41,16,4,D,0.0,1
41,17,4,D,0.0,0
41,18,4,D,0.0,4
41,19,4,D,0.0,2
41,20,5,D,0.5,0
41,21,5,D,0.5,2
41,22,5,C,-0.5,0
41,23,5,D,0.5,3
41,24,6,D,0.0,3
41,25,6,D,0.0,2
41,26,6,D,0.0,1
41,27,6,D,0.0,1
41,28,7,D,0.0,3
41,29,7,D,0.0,3
41,30,7,D,0.0,1
41,31,7,D,0.0,0
41,32,8,D,0.0,0
41,33,8,D,0.0,0
41,34,8,D,0.0,1
41,35,8,D,0.0,1
41,36,9,D,0.5,1
41,37,9,C,-0.5,0
41,38,9,D,0.5,1
41,39,9,D,0.5,1
41,40,10,D,0.0,2
41,41,10,D,0.0,0
41,42,10,D,0.0,1
41,43,10,D,0.0,0
41,44,11,D,0.0,0
41,45,11,D,0.0,0
41,46,11,D,0.0,1
41,47,11,D,0.0,2
41,48,12,D,0.0,2
41,49,12,D,0.0,1
41,50,12,D,0.0,0
41,51,12,D,0.0,0
41,52,13,D,0.0,1
41,53,13,D,0.0,0
41,54,13,D,0.0,1
41,55,13,D,0.0,0
41,56,14,D,0.0,2
41,57,14,D,0.0,0
41,58,14,D,0.0,1
41,59,14,D,0.0,2
41,60,15,D,0.0,3
41,61,15,D,0.0,2
41,62,15,D,0.0,1
41,63,15,D,0.0,2
41,64,16,D,0.5,0
41,65,16,D,0.5,3
41,66,16,D,0.5,0
41,67,16,C,-0.5,0
41,68,17,D,0.0,0
41,69,17,D,0.0,2
41,70,17,D,0.0,2
41,71,17,D,0.0,2
41,72,18,D,0.0,0
41,73,18,D,0.0,2
41,74,18,D,0.0,0
41,75,18,D,0.0,0
41,76,19,D,0.5,0
41,77,19,D,0.5,0
41,78,19,D,0.5,1
41,79,19,C,-0.5,0
41,80,20,D,0.5,1
41,81,20,D,0.5,0
41,82,20,C,-0.5,0
41,83,20,D,0.5,1
41,84,21,D,0.0,3
41,85,21,D,0.0,0
41,86,21,D,0.0,0
41,87,21,D,0.0,3
41,88,22,D,0.0,0
41,89,22,D,0.0,1
41,90,22,D,0.0,0
41,91,22,D,0.0,1
41,92,23,D,0.0,1
41,93,23,D,0.0,1
41,94,23,D,0.0,1
41,95,23,D,0.0,1
41,96,24,D,0.0,2
41,97,24,D,0.0,0
41,98,24,D,0.0,0
41,99,24,D,0.0,2
42,0,0,D,0.0,2
42,1,0,D,0.0,0
42,2,0,D,0.0,0
42,3,0,D,0.0,0
42,4,1,D,0.0,0
42,5,1,D,0.0,0
42,6,1,D,0.0,1
42,7,1,D,0.0,1
42,8,2,D,0.0,1
42,9,2,D,0.0,0
42,10,2,D,0.0,1
42,11,2,D,0.0,0
42,12,3,D,0.0,1
42,13,3,D,0.0,2
42,14,3,D,0.0,1
42,15,3,D,0.0,1
42,16,4,D,0.0,0
42,17,4,D,0.0,1
42,18,4,D,0.0,1
42,19,4,D,0.0,1
42,20,5,D,0.0,0
42,21,5,D,0.0,0
42,22,5,D,0.0,0
42,23,5,D,0.0,0
42,24,6,D,0.0,3
42,25,6,D,0.0,3
42,26,6,D,0.0,3
42,27,6,D,0.0,1
42,28,7,D,0.0,2
42,29,7,D,0.0,1
42,30,7,D,0.0,0
42,31,7,D,0.0,2
42,32,8,D,0.0,2
42,33,8,D,0.0,1
42,34,8,D,0.0,0
42,35,8,D,0.0,1
42,36,9,D,0.0,0
42,37,9,D,0.0,0
42,38,9,D,0.0,1
42,39,9,D,0.0,1
42,40,10,D,0.0,4
42,41,10,D,0.0,0
42,42,10,D,0.0,0
42,43,10,D,0.0,0
42,44,11,D,0.0,2
42,45,11,D,0.0,1
42,46,11,D,0.0,0
42,47,11,D,0.0,1
42,48,12,D,0.0,0
42,49,12,D,0.0,0
42,50,12,D,0.0,2
42,51,12,D,0.0,2
42,52,13,D,0.0,1
42,53,13,D,0.0,0
42,54,13,D,0.0,0
42,55,13,D,0.0,2
42,56,14,D,0.0,0
42,57,14,D,0.0,1
42,58,14,D,0.0,1
42,59,14,D,0.0,2
42,60,15,D,0.0,2
42,61,15,D,0.0,3
42,62,15,D,0.0,2
42,63,15,D,0.0,1
42,64,16,D,0.0,1
42,65,16,D,0.0,1
42,66,16,D,0.0,0
42,67,16,D,0.0,3
42,68,17,D,0.0,1
42,69,17,D,0.0,1
42,70,17,D,0.0,0
42,71,17,D,0.0,1
42,72,18,D,0.0,1
42,73,18,D,0.0,1
42,74,18,D,0.0,0
42,75,18,D,0.0,1
42,76,19,D,0.0,1
42,77,19,D,0.0,0
42,78,19,D,0.0,0
42,79,19,D,0.0,0
42,80,20,D,0.0,0
42,81,20,D,0.0,2
42,82,20,D,0.0,1
42,83,20,D,0.0,1
42,84,21,D,0.0,0
42,85,21,D,0.0,3
42,86,21,D,0.0,4
42,87,21,D,0.0,0
42,88,22,D,0.0,0
42,89,22,D,0.0,1
42,90,22,D,0.0,2
42,91,22,D,0.0,1
42,92,23,D,0.0,2
42,93,23,D,0.0,0
42,94,23,D,0.0,2
42,95,23,D,0.0,4
42,96,24,D,0.0,1
42,97,24,D,0.0,2
42,98,24,D,0.0,0
42,99,24,D,0.0,0
43,0,0,D,0.0,1
43,1,0,D,0.0,1
43,2,0,D,0.0,0
43,3,0,D,0.0,3
43,4,1,D,0.0,1
43,5,1,D,0.0,1
43,6,1,D,0.0,3
43,7,1,D,0.0,2
43,8,2,D,0.0,0
43,9,2,D,0.0,1
43,10,2,D,0.0,1
43,11,2,D,0.0,1
43,12,3,D,0.0,0
43,13,3,D,0.0,2
43,14,3,D,0.0,0
43,15,3,D,0.0,1
43,16,4,D,0.0,2
43,17,4,D,0.0,2
43,18,4,D,0.0,1
43,19,4,D,0.0,0
43,20,5,D,0.5,2
43,21,5,D,0.5,0
43,22,5,C,-0.5,0
43,23,5,D,0.5,0
43,24,6,D,0.0,1
43,25,6,D,0.0,0
43,26,6,D,0.0,2
43,27,6,D,0.0,0
43,28,7,D,0.0,1
43,29,7,D,0.0,1
43,30,7,D,0.0,1
43,31,7,D,0.0,2
43,32,8,D,0.0,0
43,33,8,D,0.0,0
43,34,8,D,0.0,2
43,35,8,D,0.0,1
43,36,9,D,0.0,0
43,37,9,D,0.0,1
43,38,9,D,0.0,1
43,39,9,D,0.0,4
43,40,10,D,0.0,0
43,41,10,D,0.0,3
43,42,10,D,0.0,3
43,43,10,D,0.0,2
43,44,11,D,0.0,1
43,45,11,D,0.0,1
43,46,11,D,0.0,1
43,47,11,D,0.0,0
43,48,12,D,0.0,1
43,49,12,D,0.0,0
43,50,12,D,0.0,1
43,51,12,D,0.0,1
43,52,13,D,0.0,0
43,53,13,D,0.0,2
43,54,13,D,0.0,1
43,55,13,D,0.0,1
43,56,14,D,0.0,1
43,57,14,D,0.0,0
43,58,14,D,0.0,1
43,59,14,D,0.0,2
43,60,15,D,0.0,0
43,61,15,D,0.0,2
43,62,15,D,0.0,2
43,63,15,D,0.0,0
43,64,16,D,0.0,0
43,65,16,D,0.0,0
43,66,16,D,0.0,1
43,67,16,D,0.0,0
43,68,17,D,0.0,1
43,69,17,D,0.0,2
43,70,17,D,0.0,0
43,71,17,D,0.0,0
43,72,18,D,0.5,3
43,73,18,D,0.5,3
43,74,18,D,0.5,3
43,75,18,C,-0.5,0
43,76,19,D,0.0,1
43,77,19,D,0.0,0
43,78,19,D,0.0,0
43,79,19,D,0.0,0
43,80,20,D,0.0,1
43,81,20,D,0.0,1
43,82,20,D,0.0,2
43,83,20,D,0.0,1
43,84,21,D,0.0,0
43,85,21,D,0.0,1
43,86,21,D,0.0,2
43,87,21,D,0.0,2
43,88,22,D,0.0,0
43,89,22,D,0.0,1
43,90,22,D,0.0,1
43,91,22,D,0.0,0
43,92,23,D,0.0,1
43,93,23,D,0.0,1
43,94,23,D,0.0,1
43,95,23,D,0.0,0
43,96,24,D,0.0,1
43,97,24,D,0.0,1
43,98,24,D,0.0,1
43,99,24,D,0.0,0
44,0,0,D,0.0,1
44,1,0,D,0.0,1
44,2,0,D,0.0,3
44,3,0,D,0.0,1
44,4,1,D,0.0,2
44,5,1,D,0.0,0
44,6,1,D,0.0,1
44,7,1,D,0.0,2
44,8,2,D,0.0,1
44,9,2,D,0.0,0
44,10,2,D,0.0,2
44,11,2,D,0.0,0
44,12,3,D,0.0,0
44,13,3,D,0.0,1
44,14,3,D,0.0,0
44,15,3,D,0.0,4
44,16,4,D,0.5,0
44,17,4,D,0.5,1
44,18,4,D,0.5,1
44,19,4,C,-0.5,0
44,20,5,D,0.0,0
44,21,5,D,0.0,1
44,22,5,D,0.0,2
44,23,5,D,0.0,1
44,24,6,D,0.0,0
44,25,6,D,0.0,0
44,26,6,D,0.0,0
44,27,6,D,0.0,0
44,28,7,D,0.0,0
44,29,7,D,0.0,5
44,30,7,D,0.0,2
44,31,7,D,0.0,0
44,32,8,D,0.0,2
44,33,8,D,0.0,0
44,34,8,D,0.0,0
44,35,8,D,0.0,1
44,36,9,D,0.0,1
44,37,9,D,0.0,1
44,38,9,D,0.0,1
44,39,9,D,0.0,2
44,40,10,D,0.0,0
44,41,10,D,0.0,0
44,42,10,D,0.0,0
44,43,10,D,0.0,1
44,44,11,D,0.0,0
44,45,11,D,0.0,3
44,46,11,D,0.0,1
44,47,11,D,0.0,0
44,48,12,D,0.0,1
44,49,12,D,0.0,2
44,50,12,D,0.0,0
44,51,12,D,0.0,0
44,52,13,D,0.0,1
44,53,13,D,0.0,1
44,54,13,D,0.0,0
44,55,13,D,0.0,0
44,56,14,D,0.0,1
44,57,14,D,0.0,1
44,58,14,D,0.0,2
44,59,14,D,0.0,2
44,60,15,D,0.0,1
44,61,15,D,0.0,0
44,62,15,D,0.0,1
44,63,15,D,0.0,0
44,64,16,D,0.0,1
44,65,16,D,0.0,1
44,66,16,D,0.0,0
44,67,16,D,0.0,1
44,68,17,D,0.0,1
44,69,17,D,0.0,1
44,70,17,D,0.0,1
44,71,17,D,0.0,0
44,72,18,D,0.0,0
44,73,18,D,0.0,0
44,74,18,D,0.0,0
44,75,18,D,0.0,2
44,76,19,D,0.0,0
44,77,19,D,0.0,3
44,78,19,D,0.0,1
44,79,19,D,0.0,1
44,80,20,D,0.0,2
44,81,20,D,0.0,0
44,82,20,D,0.0,2
44,83,20,D,0.0,2
44,84,21,D,0.0,2
44,85,21,D,0.0,1
44,86,21,D,0.0,3
44,87,21,D,0.0,2
44,88,22,D,0.0,0
44,89,22,D,0.0,1
44,90,22,D,0.0,2
44,91,22,D,0.0,2
44,92,23,D,0.0,4
44,93,23,D,0.0,0
44,94,23,D,0.0,1
44,95,23,D,0.0,1
44,96,24,D,0.0,2
44,97,24,D,0.0,1
44,98,24,D,0.0,1
44,99,24,D,0.0,0
45,0,0,D,0.0,2
45,1,0,D,0.0,2
45,2,0,D,0.0,2
45,3,0,D,0.0,1
45,4,1,D,0.0,1
45,5,1,D,0.0,0
45,6,1,D,0.0,2
45,7,1,D,0.0,2
45,8,2,D,0.0,1
45,9,2,D,0.0,1
45,10,2,D,0.0,0
45,11,2,D,0.0,0
45,12,3,D,0.0,0
45,13,3,D,0.0,1
45,14,3,D,0.0,1
45,15,3,D,0.0,0
45,16,4,D,0.0,1
45,17,4,D,0.0,1
45,18,4,D,0.0,0
45,19,4,D,0.0,1
45,20,5,D,0.0,5
45,21,5,D,0.0,0
45,22,5,D,0.0,1
45,23,5,D,0.0,2
45,24,6,D,0.0,1
45,25,6,D,0.0,1
45,26,6,D,0.0,1
45,27,6,D,0.0,1
45,28,7,D,0.0,2
45,29,7,D,0.0,1
45,30,7,D,0.0,1
45,31,7,D,0.0,2
45,32,8,D,0.0,1
45,33,8,D,0.0,3
45,34,8,D,0.0,3
45,35,8,D,0.0,0
45,36,9,D,0.0,2
45,37,9,D,0.0,0
45,38,9,D,0.0,3
45,39,9,D,0.0,1
45,40,10,D,0.0,3
45,41,10,D,0.0,0
45,42,10,D,0.0,1
45,43,10,D,0.0,1
45,44,11,D,0.0,2
45,45,11,D,0.0,2
45,46,11,D,0.0,1
45,47,11,D,0.0,1
45,48,12,D,0.0,1
45,49,12,D,0.0,2
45,50,12,D,0.0,1
45,51,12,D,0.0,0
45,52,13,D,0.0,0
45,53,13,D,0.0,0
45,54,13,D,0.0,1
45,55,13,D,0.0,3
45,56,14,D,0.0,0
45,57,14,D,0.0,1
45,58,14,D,0.0,0
45,59,14,D,0.0,2
45,60,15,D,0.0,0
45,61,15,D,0.0,0
45,62,15,D,0.0,0
45,63,15,D,0.0,2
45,64,16,D,0.0,1
45,65,16,D,0.0,0
45,66,16,D,0.0,0
45,67,16,D,0.0,1
45,68,17,D,0.0,0
45,69,17,D,0.0,0
45,70,17,D,0.0,0
45,71,17,D,0.0,0
45,72,18,D,0.0,2
45,73,18,D,0.0,0
45,74,18,D,0.0,1
45,75,18,D,0.0,1
45,76,19,D,0.0,0
45,77,19,D,0.0,2
45,78,19,D,0.0,0
45,79,19,D,0.0,0
45,80,20,D,0.0,0
45,81,20,D,0.0,1
45,82,20,D,0.0,0
45,83,20,D,0.0,0
45,84,21,D,0.0,0
45,85,21,D,0.0,1
45,86,21,D,0.0,0
45,87,21,D,0.0,0
45,88,22,D,0.0,0
45,89,22,D,0.0,1
45,90,22,D,0.0,1
45,91,22,D,0.0,2
45,92,23,D,0.0,2
45,93,23,D,0.0,0
45,94,23,D,0.0,4
45,95,23,D,0.0,1
45,96,24,D,0.0,1
45,97,24,D,0.0,2
45,98,24,D,0.0,1
45,99,24,D,0.0,1
46,0,0,D,0.0,2
46,1,0,D,0.0,1
46,2,0,D,0.0,1
46,3,0,D,0.0,1
46,4,1,D,0.0,0
46,5,1,D,0.0,2
46,6,1,D,0.0,1
46,7,1,D,0.0,1
46,8,2,D,0.0,1
46,9,2,D,0.0,1
46,10,2,D,0.0,1
46,11,2,D,0.0,2
46,12,3,D,0.0,2
46,13,3,D,0.0,3
46,14,3,D,0.0,2
46,15,3,D,0.0,0
46,16,4,D,0.0,1
46,17,4,D,0.0,1
46,18,4,D,0.0,0
46,19,4,D,0.0,2
46,20,5,D,0.0,1
46,21,5,D,0.0,1
46,22,5,D,0.0,1
46,23,5,D,0.0,2
46,24,6,D,0.0,1
46,25,6,D,0.0,0
46,26,6,D,0.0,2
46,27,6,D,0.0,0
46,28,7,D,0.0,3
46,29,7,D,0.0,1
46,30,7,D,0.0,0
46,31,7,D,0.0,0
46,32,8,D,0.0,0
46,33,8,D,0.0,0
46,34,8,D,0.0,0
46,35,8,D,0.0,0
46,36,9,D,0.0,0
46,37,9,D,0.0,2
46,38,9,D,0.0,2
46,39,9,D,0.0,1
46,40,10,D,0.0,0
46,41,10,D,0.0,1
46,42,10,D,0.0,2
46,43,10,D,0.0,1
46,44,11,D,0.0,1
46,45,11,D,0.0,0
46,46,11,D,0.0,1
46,47,11,D,0.0,1
46,48,12,D,0.0,2
46,49,12,D,0.0,0
46,50,12,D,0.0,0
46,51,12,D,0.0,3
46,52,13,D,0.0,1
46,53,13,D,0.0,1
46,54,13,D,0.0,0
46,55,13,D,0.0,3
46,56,14,D,0.0,2
46,57,14,D,0.0,0
46,58,14,D,0.0,0
46,59,14,D,0.0,0
46,60,15,D,0.0,1
46,61,15,D,0.0,1
46,62,15,D,0.0,0
46,63,15,D,0.0,2
46,64,16,D,0.0,0
46,65,16,D,0.0,1
46,66,16,D,0.0,1
46,67,16,D,0.0,2
46,68,17,D,0.0,1
46,69,17,D,0.0,0
46,70,17,D,0.0,0
46,71,17,D,0.0,1
46,72,18,D,0.0,0
46,73,18,D,0.0,1
46,74,18,D,0.0,0
46,75,18,D,0.0,2
46,76,19,D,0.0,0
46,77,19,D,0.0,0
46,78,19,D,0.0,0
46,79,19,D,0.0,0
46,80,20,D,0.0,2
46,81,20,D,0.0,1
46,82,20,D,0.0,3
46,83,20,D,0.0,2
46,84,21,D,0.0,1
46,85,21,D,0.0,1
46,86,21,D,0.0,0
46,87,21,D,0.0,2
46,88,22,D,0.0,0
46,89,22,D,0.0,1
46,90,22,D,0.0,0
46,91,22,D,0.0,2
46,92,23,D,0.0,2
46,93,23,D,0.0,3
46,94,23,D,0.0,0
46,95,23,D,0.0,1
46,96,24,D,0.5,2
46,97,24,C,-0.5,0
46,98,24,D,0.5,1
46,99,24,D,0.5,2
47,0,0,D,0.0,0
47,1,0,D,0.0,0
47,2,0,D,0.0,0
47,3,0,D,0.0,3
47,4,1,D,0.0,0
47,5,1,D,0.0,2
47,6,1,D,0.0,3
47,7,1,D,0.0,1
47,8,2,D,0.0,2
47,9,2,D,0.0,0
47,10,2,D,0.0,0
47,11,2,D,0.0,1
47,12,3,D,0.0,0
47,13,3,D,0.0,0
47,14,3,D,0.0,1
47,15,3,D,0.0,2
47,16,4,D,0.0,0
47,17,4,D,0.0,4
47,18,4,D,0.0,4
47,19,4,D,0.0,1
47,20,5,D,0.0,0
47,21,5,D,0.0,0
47,22,5,D,0.0,2
47,23,5,D,0.0,0
47,24,6,D,0.0,1
47,25,6,D,0.0,0
47,26,6,D,0.0,2
47,27,6,D,0.0,0
47,28,7,D,0.0,2
47,29,7,D,0.0,0
47,30,7,D,0.0,0
47,31,7,D,0.0,2
47,32,8,D,0.0,1
47,33,8,D,0.0,2
47,34,8,D,0.0,1
47,35,8,D,0.0,0
47,36,9,D,0.0,1
47,37,9,D,0.0,1
47,38,9,D,0.0,1
47,39,9,D,0.0,2
47,40,10,D,0.0,3
47,41,10,D,0.0,0
47,42,10,D,0.0,1
47,43,10,D,0.0,0
47,44,11,D,0.0,0
47,45,11,D,0.0,0
47,46,11,D,0.0,0
47,47,11,D,0.0,1
47,48,12,D,0.0,0
47,49,12,D,0.0,0
47,50,12,D,0.0,0
47,51,12,D,0.0,2
47,52,13,D,0.0,2
47,53,13,D,0.0,1
47,54,13,D,0.0,0
47,55,13,D,0.0,1
47,56,14,D,0.0,1
47,57,14,D,0.0,1
47,58,14,D,0.0,2
47,59,14,D,0.0,0
47,60,15,D,0.0,0
47,61,15,D,0.0,1
47,62,15,D,0.0,0
47,63,15,D,0.0,3
47,64,16,D,0.0,2
47,65,16,D,0.0,0
47,66,16,D,0.0,2
47,67,16,D,0.0,0
47,68,17,D,0.0,1
47,69,17,D,0.0,0
47,70,17,D,0.0,2
47,71,17,D,0.0,0
47,72,18,D,0.0,1
47,73,18,D,0.0,1
47,74,18,D,0.0,0
47,75,18,D,0.0,0
47,76,19,D,0.0,0
47,77,19,D,0.0,2
47,78,19,D,0.0,1
47,79,19,D,0.0,1
47,80,20,D,0.0,2
47,81,20,D,0.0,1
47,82,20,D,0.0,2
47,83,20,D,0.0,0
47,84,21,D,0.5,2
47,85,21,D,0.5,0
47,86,21,C,-0.5,0
47,87,21,D,0.5,0
47,88,22,D,0.0,0
47,89,22,D,0.0,0
47,90,22,D,0.0,2
47,91,22,D,0.0,2
47,92,23,D,0.5,3
47,93,23,C,-0.5,0
47,94,23,D,0.5,0
47,95,23,D,0.5,7
47,96,24,D,0.0,3
47,97,24,D,0.0,1
47,98,24,D,0.0,0
47,99,24,D,0.0,1
48,0,0,D,0.0,1
48,1,0,D,0.0,0
48,2,0,D,0.0,1
48,3,0,D,0.0,1
48,4,1,D,0.0,3
48,5,1,D,0.0,0
48,6,1,D,0.0,0
48,7,1,D,0.0,3
48,8,2,D,0.0,0
48,9,2,D,0.0,1
48,10,2,D,0.0,1
48,11,2,D,0.0,1
48,12,3,D,0.0,0
48,13,3,D,0.0,2
48,14,3,D,0.0,1
48,15,3,D,0.0,2
48,16,4,D,0.0,2
48,17,4,D,0.0,0
48,18,4,D,0.0,2
48,19,4,D,0.0,2
48,20,5,D,0.0,1
48,21,5,D,0.0,1
48,22,5,D,0.0,3
48,23,5,D,0.0,2
48,24,6,D,0.0,0
48,25,6,D,0.0,1
48,26,6,D,0.0,1
48,27,6,D,0.0,2
48,28,7,D,0.0,0
48,29,7,D,0.0,2
48,30,7,D,0.0,4
48,31,7,D,0.0,1
48,32,8,D,0.0,0
48,33,8,D,0.0,0
48,34,8,D,0.0,1
48,35,8,D,0.0,0
48,36,9,D,0.0,2
48,37,9,D,0.0,2
48,38,9,D,0.0,0
48,39,9,D,0.0,0
48,40,10,D,0.0,1
48,41,10,D,0.0,1
48,42,10,D,0.0,3
48,43,10,D,0.0,2
48,44,11,D,0.0,1
48,45,11,D,0.0,3
48,46,11,D,0.0,1
48,47,11,D,0.0,0
48,48,12,D,0.0,1
48,49,12,D,0.0,0
48,50,12,D,0.0,0
48,51,12,D,0.0,1
48,52,13,D,0.0,0
48,53,13,D,0.0,3
48,54,13,D,0.0,0
48,55,13,D,0.0,2
48,56,14,D,0.0,0
48,57,14,D,0.0,1
48,58,14,D,0.0,2
48,59,14,D,0.0,0
48,60,15,D,0.0,0
48,61,15,D,0.0,2
48,62,15,D,0.0,0
48,63,15,D,0.0,0
48,64,16,D,0.0,1
48,65,16,D,0.0,1
48,66,16,D,0.0,0
48,67,16,D,0.0,2
48,68,17,D,0.0,0
48,69,17,D,0.0,0
48,70,17,D,0.0,1
48,71,17,D,0.0,0
48,72,18,D,0.0,1
48,73,18,D,0.0,3
48,74,18,D,0.0,0
48,75,18,D,0.0,1
48,76,19,D,0.0,0
48,77,19,D,0.0,0
48,78,19,D,0.0,0
48,79,19,D,0.0,1
48,80,20,D,0.0,1
48,81,20,D,0.0,1
48,82,20,D,0.0,0
48,83,20,D,0.0,2
48,84,21,D,0.5,1
48,85,21,D,0.5,3
48,86,21,C,-0.5,0
48,87,21,D,0.5,0
48,88,22,D,0.0,2
48,89,22,D,0.0,0
48,90,22,D,0.0,0
48,91,22,D,0.0,1
48,92,23,D,0.0,2
48,93,23,D,0.0,2
48,94,23,D,0.0,0
48,95,23,D,0.0,1
48,96,24,D,0.0,0
48,97,24,D,0.0,1
48,98,24,D,0.0,1
48,99,24,D,0.0,1
49,0,0,D,0.0,1
49,1,0,D,0.0,1
49,2,0,D,0.0,1
49,3,0,D,0.0,1
49,4,1,D,0.0,0
49,5,1,D,0.0,1
49,6,1,D,0.0,0
49,7,1,D,0.0,2
49,8,2,D,0.0,0
49,9,2,D,0.0,1
49,10,2,D,0.0,0
49,11,2,D,0.0,0
49,12,3,D,0.0,0
49,13,3,D,0.0,0
49,14,3,D,0.0,0
49,15,3,D,0.0,1
49,16,4,D,0.0,3
49,17,4,D,0.0,2
49,18,4,D,0.0,0
49,19,4,D,0.0,1
49,20,5,D,0.0,0
49,21,5,D,0.0,1
49,22,5,D,0.0,0
49,23,5,D,0.0,0
49,24,6,D,0.0,1
49,25,6,D,0.0,1
49,26,6,D,0.0,0
49,27,6,D,0.0,1
49,28,7,D,0.5,0
49,29,7,C,-0.5,0
49,30,7,D,0.5,1
49,31,7,D,0.5,3
49,32,8,D,0.0,0
49,33,8,D,0.0,2
49,34,8,D,0.0,2
49,35,8,D,0.0,2
49,36,9,D,0.0,0
49,37,9,D,0.0,0
49,38,9,D,0.0,2
49,39,9,D,0.0,0
49,40,10,D,0.0,2
49,41,10,D,0.0,3
49,42,10,D,0.0,1
49,43,10,D,0.0,0
49,44,11,D,0.0,0
49,45,11,D,0.0,1
49,46,11,D,0.0,0
49,47,11,D,0.0,0
49,48,12,D,0.0,0
49,49,12,D,0.0,2
49,50,12,D,0.0,1
49,51,12,D,0.0,0
49,52,13,D,0.0,0
49,53,13,D,0.0,4
49,54,13,D,0.0,2
49,55,13,D,0.0,2
49,56,14,D,0.0,2
49,57,14,D,0.0,2
49,58,14,D,0.0,4
49,59,14,D,0.0,1
49,60,15,D,0.0,0
49,61,15,D,0.0,0
49,62,15,D,0.0,0
49,63,15,D,0.0,1
49,64,16,D,0.0,1
49,65,16,D,0.0,1
49,66,16,D,0.0,1
49,67,16,D,0.0,2
49,68,17,D,0.0,0
49,69,17,D,0.0,1
49,70,17,D,0.0,0
49,71,17,D,0.0,2
49,72,18,D,0.0,1
49,73,18,D,0.0,1
49,74,18,D,0.0,0
49,75,18,D,0.0,0
49,76,19,D,0.0,0
49,77,19,D,0.0,1
49,78,19,D,0.0,0
49,79,19,D,0.0,1
49,80,20,D,0.0,0
49,81,20,D,0.0,2
49,82,20,D,0.0,1
49,83,20,D,0.0,0
49,84,21,D,0.0,1
49,85,21,D,0.0,4
49,86,21,D,0.0,4
49,87,21,D,0.0,0
49,88,22,D,0.5,3
49,89,22,D,0.5,1
49,90,22,D,0.5,3
49,91,22,C,-0.5,0
49,92,23,D,0.0,0
49,93,23,D,0.0,0
49,94,23,D,0.0,1
49,95,23,D,0.0,3
49,96,24,D,0.5,1
49,97,24,C,-0.5,0
49,98,24,D,0.5,2
49,99,24,D,0.5,3
