para,p_index,mean,se_mean,sd,mode,2.5%,25%,50%,75%,97.5%,n_eff,Rhat
alpha,1,0.724,7e-4,0.0765,0.7381,0.5718,0.6733,0.725,0.775,0.8705,10719.8743,0.9996
alpha,2,0.1765,4e-4,0.0552,0.1655,0.0811,0.1372,0.1723,0.2108,0.2991,16524.9958,0.9997
alpha,3,0.0717,2e-4,0.0224,0.0652,0.0354,0.0556,0.0691,0.0853,0.1223,13148.3932,1.0002
alpha,4,0.8916,7e-4,0.0699,0.9416,0.7345,0.8467,0.9021,0.9471,0.9923,11344.4191,0.9996
alpha,5,0.7249,0.0015,0.169,0.821,0.3443,0.6156,0.7418,0.8557,0.982,12536.2395,0.9999
alpha,6,0.9052,6e-4,0.0596,0.9315,0.7732,0.8669,0.9126,0.9519,0.9938,9635.6959,0.9997
alpha,7,0.9402,4e-4,0.0489,0.9843,0.8197,0.9149,0.9526,0.9779,0.9978,14750.0955,1
alpha,8,0.9333,5e-4,0.0508,0.9834,0.8075,0.9049,0.943,0.9735,0.9973,12321.4788,0.9997
alpha,9,0.1909,3e-4,0.0443,0.192,0.11,0.1599,0.1897,0.2194,0.2827,19551.878,0.9997
alpha,10,0.6364,8e-4,0.0885,0.6354,0.4597,0.5768,0.6374,0.6968,0.8053,13468.2328,1.0002
alpha,11,0.5759,8e-4,0.0867,0.594,0.3986,0.5176,0.5795,0.6369,0.7336,12859.7938,0.9997
alpha,12,0.2003,0.0034,0.2215,0.0352,0.0064,0.0325,0.0814,0.3429,0.7418,4143.2569,1.0003
alpha,13,0.562,0.003,0.2846,0.8991,0.0441,0.3243,0.5963,0.8101,0.9808,9059.9713,0.9999
alpha,14,0.1163,3e-4,0.0303,0.1127,0.063,0.0948,0.1143,0.1361,0.1797,11916.7547,0.9998
alpha,15,0.3554,7e-4,0.0884,0.3397,0.1978,0.293,0.3505,0.4126,0.5384,15051.4814,0.9997
alpha,16,0.2788,4e-4,0.0446,0.2699,0.2007,0.2475,0.2753,0.3069,0.3778,13223.4436,0.9996
alpha,17,0.3786,8e-4,0.0985,0.3587,0.199,0.31,0.3734,0.4436,0.5797,15181.3621,0.9996
alpha,18,0.7219,0.001,0.0957,0.7284,0.5305,0.6583,0.7249,0.7868,0.9034,9926.4942,0.9996
alpha,19,0.5008,7e-4,0.0872,0.484,0.3416,0.4386,0.4973,0.5601,0.6768,13575.5015,0.9999
alpha,20,0.9629,3e-4,0.0308,0.9884,0.8855,0.9476,0.9708,0.9861,0.9986,11684.5877,0.9997
alpha,21,0.4397,6e-4,0.0754,0.4326,0.3067,0.3862,0.4357,0.4877,0.6005,14165.1423,0.9996
alpha,22,0.8896,6e-4,0.0563,0.9025,0.7679,0.8536,0.8951,0.9307,0.9856,8395.3058,0.9998
alpha,23,0.5495,8e-4,0.0859,0.5341,0.3862,0.4897,0.5473,0.6088,0.7209,13097.1494,0.9997
alpha,24,0.6477,7e-4,0.0801,0.6448,0.4912,0.5928,0.6489,0.7041,0.7967,14328.5306,0.9998
alpha,25,0.7373,6e-4,0.0675,0.7388,0.5969,0.6928,0.74,0.7856,0.8595,11177.7559,0.9997
alpha,26,0.2407,4e-4,0.049,0.2297,0.1495,0.2071,0.239,0.2725,0.3403,17228.7835,0.9999
alpha,27,0.2745,8e-4,0.0793,0.2531,0.1434,0.2182,0.2667,0.3223,0.453,10986.7854,0.9998
alpha,28,0.5181,7e-4,0.0851,0.4987,0.3663,0.4581,0.5133,0.5753,0.6954,13910.9226,0.9998
alpha,29,0.0821,4e-4,0.0322,0.0717,0.0328,0.0606,0.0778,0.0997,0.1523,6423.8287,0.9999
alpha,30,0.891,5e-4,0.0551,0.9097,0.7656,0.8591,0.8991,0.9306,0.977,10699.0346,1
alpha,31,0.8145,0.0011,0.117,0.8872,0.554,0.7398,0.8267,0.9063,0.9889,11231.2492,1
alpha,32,0.2583,8e-4,0.1017,0.2428,0.0896,0.1828,0.2505,0.3225,0.4782,14984.6827,0.9996
alpha,33,0.2136,0.001,0.0938,0.1856,0.0635,0.1478,0.2014,0.2671,0.4311,9062.0236,1.0001
alpha,34,0.2986,8e-4,0.0847,0.281,0.1501,0.2389,0.2923,0.3503,0.4814,11226.0888,0.9999
alpha,35,0.313,5e-4,0.0497,0.2998,0.2186,0.2785,0.3112,0.3456,0.4146,12083.4844,0.9999
alpha,36,0.5573,0.0023,0.1898,0.5313,0.2001,0.4223,0.5513,0.692,0.9265,6837.4646,1.0003
alpha,37,0.3379,6e-4,0.0706,0.3332,0.1916,0.2922,0.34,0.3856,0.4705,13365.0645,0.9997
alpha,38,0.6789,7e-4,0.078,0.6652,0.5274,0.626,0.6791,0.7322,0.8296,10975.6804,0.9996
alpha,39,0.8634,6e-4,0.0603,0.8831,0.73740000000000006,0.8233,0.8678,0.9068,0.9697,9085.9286,0.9996
alpha,40,0.2162,7e-4,0.0838,0.1816,0.0813,0.1538,0.2067,0.2695,0.4034,14731.4091,0.9999
alpha,41,0.6523,7e-4,0.0673,0.6634,0.5113,0.608,0.6554,0.6999,0.7754,10171.4781,0.9997
alpha,42,0.2086,0.0022,0.19,0.0889,0.0035,0.074,0.1568,0.2815,0.7489,7318.416,1.0004
alpha,43,0.82,0.001,0.0994,0.8267,0.6065,0.7538,0.8274,0.8961,0.9804,9048.7931,0.9999
alpha,44,0.3281,0.0028,0.2732,0.0506,0.0015,0.099,0.2559,0.5145,0.9278,9600.8874,0.9999
alpha,45,0.7007,8e-4,0.0966,0.7213,0.5014,0.6392,0.7048,0.7667,0.8824,14950.554,0.9997
alpha,46,0.3003,7e-4,0.0704,0.3115,0.1576,0.2527,0.3036,0.3504,0.429,9946.424,0.9997
alpha,47,0.0907,2e-4,0.0269,0.0917,0.0427,0.0716,0.0893,0.1079,0.1483,11874.8955,0.9997
alpha,48,0.3895,4e-4,0.0474,0.3825,0.3014,0.3566,0.3875,0.4207,0.4856,16555.9902,0.9997
alpha,49,0.8091,7e-4,0.0713,0.8275,0.653,0.7642,0.815,0.8605,0.9301,11113.4021,1.0001
alpha,50,0.6457,6e-4,0.0724,0.6375,0.505,0.5972,0.6449,0.6949,0.7886,15482.1572,0.9997
alpha,51,0.0892,4e-4,0.0401,0.0649,0.0343,0.0608,0.0816,0.109,0.1855,9946.8185,1
alpha,52,0.1823,8e-4,0.0858,0.142,0.0634,0.12,0.1643,0.2258,0.3946,12272.4129,0.9998
alpha,53,0.6318,7e-4,0.0782,0.6305,0.4776,0.5797,0.6315,0.6852,0.7837,11391.0352,0.9998
alpha,54,0.8864,6e-4,0.06,0.9029,0.7511,0.8504,0.893,0.9297,0.984,10557.4445,0.9997
alpha,55,0.0341,1e-4,0.014,0.0282,0.0149,0.0242,0.0314,0.0411,0.0674,9323.7657,1.0002
alpha,56,0.9164,5e-4,0.0493,0.934,0.8061,0.8853,0.9226,0.9541,0.9931,8063.1041,1.0001
alpha,57,0.318,8e-4,0.0906,0.2916,0.167,0.2524,0.3089,0.3741,0.5225,12521.3781,0.9999
alpha,58,0.3085,0.0014,0.124,0.2456,0.1195,0.217,0.2901,0.3805,0.6,7982.7174,1.0002
alpha,59,0.8509,6e-4,0.0594,0.8633,0.7202,0.8135,0.8558,0.8931,0.9542,10424.8974,0.9999
alpha,60,0.4081,0.0038,0.3132,0.0251,5e-4,0.1073,0.3852,0.6737,0.9664,6948.5372,0.9997
alpha,61,0.8143,6e-4,0.0613,0.8328,0.6819,0.7751,0.8189,0.8575,0.9226,10837.1743,0.9998
alpha,62,0.9525,3e-4,0.0374,0.987,0.8615,0.9321,0.9611,0.9814,0.998,11437.1157,0.9999
alpha,63,0.5845,6e-4,0.0694,0.5778,0.4476,0.5383,0.583,0.6313,0.7219,13901.6288,0.9997
alpha,64,0.3303,0.0012,0.1153,0.3089,0.1359,0.2462,0.3206,0.4019,0.5862,9284.8403,0.9998
alpha,65,0.5498,8e-4,0.0914,0.5636,0.3672,0.4889,0.553,0.61240000000000006,0.7239,12853.1454,0.9999
alpha,66,0.3875,0.0021,0.2021,0.3725,0.0489,0.2345,0.3736,0.5187,0.8269,9480.3422,0.9997
alpha,67,0.499,0.0017,0.1586,0.4999,0.1964,0.391,0.4956,0.6006,0.8331,8558.8894,0.9999
alpha,68,0.4502,7e-4,0.078,0.4418,0.3082,0.3962,0.4464,0.4992,0.6151,12010.1626,0.9998
alpha,69,0.7585,0.0014,0.1576,0.8393,0.4038,0.6593,0.7803,0.8821,0.9866,11943.1648,0.9998
alpha,70,0.67,0.0036,0.2956,0.9418,0.0677,0.4419,0.7761,0.9221,0.9939,6753.9397,1.0001
alpha,71,0.1676,7e-4,0.0745,0.1223,0.0607,0.1126,0.1534,0.2089,0.3463,12271.6522,0.9999
alpha,72,0.5535,0.0031,0.2738,0.7714,0.0438,0.3289,0.5858,0.7836,0.9737,7752.7836,0.9999
alpha,73,0.2605,8e-4,0.0804,0.2542,0.1089,0.2051,0.2586,0.3127,0.4249,11151.2755,0.9998
alpha,74,0.3232,8e-4,0.091,0.3072,0.166,0.2592,0.3163,0.3787,0.5209,12246.5362,0.9997
alpha,75,0.1268,0.001,0.082,0.0927,0.0258,0.0727,0.1096,0.1602,0.3332,6223.1879,1.0003
alpha,76,0.42,0.0013,0.1401,0.3732,0.1873,0.3189,0.4049,0.5079,0.7318,10808.3046,0.9998
alpha,77,0.3698,0.0035,0.3168,0.024,5e-4,0.0604,0.3119,0.6385,0.9628,8112.0918,0.9999
alpha,78,0.1662,4e-4,0.0469,0.1721,0.0776,0.1322,0.1662,0.1984,0.2592,10975.3544,0.9997
alpha,79,0.5533,8e-4,0.0773,0.5573,0.4057,0.4996,0.5533,0.6048,0.7091,10507.1783,0.9997
alpha,80,0.2517,0.0024,0.1983,0.0325,0.0046,0.1013,0.2132,0.3535,0.7633,7052.4809,0.9998
alpha,81,0.4947,0.0011,0.1134,0.4819,0.2856,0.4163,0.4888,0.5682,0.7329,10574.8619,0.9996
alpha,82,0.9588,3e-4,0.0319,0.9894,0.8786,0.9425,0.965,0.9831,0.9983,10973.8961,0.9998
alpha,83,0.4536,8e-4,0.0903,0.4334,0.2749,0.3935,0.4522,0.5143,0.6324,13039.7751,0.9997
alpha,84,0.6461,7e-4,0.0847,0.6518,0.4835,0.5893,0.646,0.7032,0.8147,13005.7203,0.9996
alpha,85,0.8921,7e-4,0.0825,0.9699,0.6939,0.8453,0.9092,0.9571,0.9956,12603.9563,0.9996
alpha,86,0.2489,0.0036,0.2865,0.0194,0.0023,0.0122,0.1049,0.4444,0.9166,6335.5966,1.0005
alpha,87,0.3556,0.0021,0.1851,0.2844,0.0515,0.2204,0.3371,0.4716,0.769,7731.6842,1.0001
alpha,88,0.5431,9e-4,0.0863,0.572,0.3503,0.4918,0.5494,0.603,0.6923,9376.4464,0.9997
alpha,89,0.7408,7e-4,0.0783,0.7717,0.5775,0.6887,0.7438,0.796,0.8807,12283.538,0.9998
alpha,90,0.6252,7e-4,0.0722,0.6316,0.4861,0.576,0.6248,0.6735,0.7674,11720.1252,1.0004
alpha,91,0.0309,1e-4,0.0129,0.0261,0.0115,0.0215,0.0289,0.0381,0.0618,9429.0131,1
alpha,92,0.674,7e-4,0.0847,0.6779,0.508,0.6149,0.6751,0.7328,0.838,12873.1284,0.9999
alpha,93,0.9312,4e-4,0.0393,0.9437,0.8394,0.9084,0.9365,0.9596,0.9922,8246.0564,1
alpha,94,0.5892,8e-4,0.0857,0.5869,0.4308,0.5304,0.5862,0.6448,0.7655,11939.1594,1.0002
alpha,95,0.5782,7e-4,0.0821,0.5796,0.4147,0.5228,0.5789,0.6357,0.7354,15237.755,0.9996
alpha,96,0.9395,4e-4,0.0397,0.9625,0.8464,0.9174,0.9451,0.969,0.9958,8453.4007,1.0005
alpha,97,0.5443,6e-4,0.0701,0.5388,0.4138,0.4949,0.542,0.5924,0.6865,12901.2483,0.9998
alpha,98,0.3707,8e-4,0.0832,0.3686,0.2223,0.3144,0.3673,0.4231,0.5484,11558.2108,0.9998
alpha,99,0.8079,6e-4,0.0615,0.8142,0.6756,0.7679,0.8122,0.8519,0.9146,11892.8389,0.9997
alpha,100,0.4817,0.001,0.1054,0.4916,0.2631,0.4153,0.4863,0.5533,0.6804,12237.2171,1.0003
alpha,101,0.2735,5e-4,0.0637,0.2624,0.1563,0.2292,0.2711,0.3148,0.4041,14801.562,0.9998
alpha,102,0.2254,8e-4,0.0872,0.2076,0.08,0.1594,0.2177,0.2832,0.4099,12727.4271,0.9998
alpha,103,0.3064,0.0033,0.3072,0.0247,9e-4,0.0298,0.1911,0.5372,0.9529,8878.82,1.0001
alpha,104,0.3779,0.001,0.089,0.3525,0.2272,0.3172,0.3688,0.4291,0.582,8725.6134,1.0002
alpha,105,0.638,6e-4,0.0718,0.6295,0.5008,0.5887,0.6369,0.6876,0.7791,13744.0307,0.9997
alpha,106,0.4894,6e-4,0.0744,0.505,0.3482,0.4369,0.4884,0.5396,0.6382,13542.6074,1.0002
alpha,107,0.457,5e-4,0.0621,0.4513,0.3428,0.4148,0.4538,0.4955,0.5885,15074.3746,0.9997
alpha,108,0.3845,0.0034,0.2005,0.4593,0.0271,0.251,0.4014,0.5189,0.7685,3567.6197,0.9998
alpha,109,0.6748,0.0018,0.1802,0.7278,0.2826,0.5581,0.6923,0.8086,0.9664,10557.4344,1.0001
alpha,110,0.6295,8e-4,0.0851,0.609,0.4603,0.5727,0.6288,0.6873,0.7964,11041.7462,0.9998
alpha,111,0.1365,0.0011,0.1142,0.0492,0.0092,0.0533,0.1045,0.1875,0.4232,10327.4818,0.9997
alpha,112,0.6173,6e-4,0.068,0.6172,0.489,0.5705,0.6157,0.6619,0.7548,14594.1724,0.9998
alpha,113,0.5205,7e-4,0.0779,0.5136,0.3694,0.4669,0.5199,0.5728,0.6761,13336.9414,0.9997
alpha,114,0.8288,0.0012,0.098,0.8622,0.6227,0.7628,0.8364,0.9038,0.9871,6916.7521,1
alpha,115,0.2603,0.001,0.0938,0.2431,0.1074,0.1928,0.2499,0.3155,0.4812,8104.5866,0.9996
alpha,116,0.8997,6e-4,0.0657,0.9489,0.7513,0.8591,0.9081,0.9515,0.9937,11904.0058,0.9996
alpha,117,0.8128,8e-4,0.0795,0.8096,0.6519,0.7593,0.8138,0.8697,0.96,10379.9744,0.9997
alpha,118,0.2957,8e-4,0.0956,0.3089,0.1175,0.2288,0.2942,0.3605,0.4893,13890.5233,0.9997
alpha,119,0.721,9e-4,0.0846,0.7158,0.5563,0.6634,0.7202,0.7775,0.89,8767.0216,1
alpha,120,0.3127,9e-4,0.1115,0.3151,0.1069,0.2337,0.3093,0.3863,0.542,15328.4816,0.9998
alpha,121,0.6012,6e-4,0.0689,0.592,0.4724,0.5545,0.5988,0.6453,0.743,11387.2838,0.9997
alpha,122,0.2344,8e-4,0.1009,0.1775,0.0744,0.1567,0.2234,0.3004,0.4577,16474.6839,0.9997
alpha,123,0.1321,4e-4,0.0481,0.1124,0.0543,0.0965,0.1269,0.1614,0.24,14289.6706,0.9999
alpha,124,0.5168,8e-4,0.086,0.5077,0.3514,0.4596,0.5151,0.5737,0.6888,12033.3636,1
alpha,125,0.3137,6e-4,0.0743,0.2997,0.1796,0.2614,0.3096,0.3615,0.4727,13612.6515,0.9998
alpha,126,0.3021,8e-4,0.0934,0.3029,0.1257,0.2376,0.2997,0.3635,0.4914,13565.3848,1
alpha,127,0.6086,8e-4,0.0813,0.603,0.4517,0.5539,0.6071,0.661,0.7724,11168.0029,0.9999
alpha,128,0.6781,0.002,0.1948,0.7856,0.267,0.5406,0.696,0.8328,0.9799,9848.8921,1.0001
alpha,129,0.9278,5e-4,0.0439,0.9463,0.8263,0.9016,0.9338,0.9602,0.9934,9268.6154,0.9999
alpha,130,0.011,1e-4,0.0066,0.0053,0.0034,0.0061,0.0094,0.0141,0.0276,8801.9849,1.0001
alpha,131,0.5193,0.0024,0.2584,0.4483,0.0483,0.3137,0.5179,0.7304,0.9653,11780.5106,0.9997
alpha,132,0.4861,9e-4,0.0874,0.472,0.324,0.4265,0.4811,0.5411,0.6722,8724.3204,1
alpha,133,0.2316,7e-4,0.0688,0.2074,0.1184,0.182,0.2248,0.2728,0.3883,10353.1621,0.9999
alpha,134,0.7769,0.0012,0.1272,0.8088,0.5114,0.6868,0.7866,0.8764,0.9816,10603.4515,0.9998
alpha,135,0.8743,7e-4,0.0659,0.8688,0.7357,0.8306,0.8771,0.9239,0.9864,9222.7736,0.9999
alpha,136,0.7947,7e-4,0.0719,0.7906,0.6467,0.7458,0.7971,0.8462,0.9253,11806.2878,1.0001
alpha,137,0.8512,0.001,0.0981,0.9175,0.6281,0.7887,0.8644,0.9276,0.992,8771.0206,0.9999
alpha,138,0.2856,6e-4,0.0799,0.283,0.1402,0.2292,0.2818,0.3364,0.4537,15397.3705,0.9997
alpha,139,0.4792,0.001,0.1011,0.4759,0.3012,0.4076,0.4732,0.5422,0.6994,10555.5345,1.0002
alpha,140,0.8171,9e-4,0.083,0.8251,0.6481,0.7604,0.8198,0.8768,0.97,9302.8533,0.9998
alpha,141,0.3844,0.0023,0.2193,0.2488,0.0349,0.2152,0.3525,0.5271,0.8879,9290.8215,0.9997
alpha,142,0.1657,8e-4,0.0861,0.1145,0.0473,0.1019,0.1488,0.2119,0.3805,11250.2514,0.9997
alpha,143,0.7872,6e-4,0.0623,0.8011,0.6505,0.7483,0.7927,0.8309,0.895,10884.1886,0.9996
alpha,144,0.3088,7e-4,0.0778,0.3035,0.1572,0.2563,0.3087,0.3607,0.4616,12074.1939,0.9998
alpha,145,0.4023,7e-4,0.0826,0.3826,0.2555,0.3438,0.398,0.4561,0.5761,12618.3874,0.9996
alpha,146,0.5687,0.0012,0.1366,0.5515,0.3073,0.4733,0.5654,0.6614,0.8437,12651.9375,0.9997
alpha,147,0.451,6e-4,0.0651,0.4366,0.3338,0.4053,0.4465,0.4931,0.5906,13377.1518,0.9997
alpha,148,0.8657,8e-4,0.0887,0.9084,0.6643,0.8099,0.8789,0.9354,0.9926,11463.4617,1
alpha,149,0.4641,6e-4,0.0712,0.4527,0.33,0.4149,0.4613,0.5113,0.6084,12910.5845,0.9996
alpha,150,0.828,5e-4,0.0512,0.8337,0.7181,0.7956,0.8308,0.8637,0.9188,10829.9308,0.9997
alpha,151,0.3764,5e-4,0.0595,0.37,0.2677,0.3357,0.3728,0.4144,0.5034,14113.8768,0.9998
alpha,152,0.4908,6e-4,0.0747,0.4908,0.3507,0.4383,0.4894,0.5425,0.6402,14709.6281,0.9999
alpha,153,0.1064,4e-4,0.049,0.0769,0.035,0.0691,0.0988,0.1359,0.2188,13858.3466,0.9998
alpha,154,0.1482,8e-4,0.08,0.1104,0.0459,0.0912,0.1305,0.1847,0.3535,10561.2283,0.9998
alpha,155,0.5695,6e-4,0.0675,0.5663,0.4368,0.5235,0.5686,0.6145,0.705,15049.3297,1.0001
alpha,156,0.3425,9e-4,0.1019,0.3388,0.1517,0.269,0.3405,0.4116,0.5465,13684.5076,0.9997
alpha,157,0.6939,9e-4,0.0908,0.6955,0.5165,0.6327,0.6939,0.7548,0.8725,11379.8493,0.9998
alpha,158,0.5786,0.0023,0.2187,0.5997,0.1336,0.4249,0.5864,0.7447,0.961,9285.4484,0.9997
alpha,159,0.2303,9e-4,0.0909,0.2209,0.0776,0.163,0.2241,0.288,0.4239,9383.2193,1
alpha,160,0.1167,7e-4,0.0683,0.0741,0.0227,0.066,0.1035,0.1541,0.2822,9918.6198,0.9997
alpha,161,0.9563,3e-4,0.0344,0.9884,0.8719,0.9385,0.9639,0.9826,0.9981,10483.3426,0.9999
alpha,162,0.7264,9e-4,0.0901,0.7176,0.5529,0.6649,0.7255,0.7861,0.9091,9326.4292,0.9998
alpha,163,0.7064,0.001,0.0982,0.7003,0.5194,0.6401,0.7046,0.7714,0.9047,8985.9124,1.0003
alpha,164,0.7301,0.0018,0.1872,0.8357,0.2943,0.6112,0.7619,0.8779,0.9879,10826.5244,1.0002
alpha,165,0.8454,8e-4,0.0728,0.8442,0.6953,0.7968,0.8473,0.8979,0.9772,8337.5216,1.0002
alpha,166,0.4251,6e-4,0.0717,0.4203,0.293,0.3764,0.4218,0.4716,0.5756,12332.1853,0.9997
alpha,167,0.494,6e-4,0.0727,0.4962,0.3541,0.4461,0.4932,0.5425,0.6381,14324.7797,0.9996
alpha,168,0.2283,9e-4,0.1007,0.1722,0.072,0.1498,0.2169,0.296,0.4475,13575.6896,0.9997
alpha,169,0.5048,6e-4,0.0633,0.4998,0.388,0.4612,0.503,0.5457,0.6347,13112.798,0.9998
alpha,170,0.1638,6e-4,0.0547,0.1674,0.0572,0.1255,0.1652,0.2024,0.2682,7731.0919,1.0007
alpha,171,0.1246,8e-4,0.0793,0.0583,0.0237,0.0638,0.1076,0.1677,0.3175,9456.8959,0.9999
alpha,172,0.1757,2e-4,0.0273,0.1691,0.1274,0.1565,0.1737,0.1929,0.2357,15102.9365,0.9999
alpha,173,0.2233,6e-4,0.0641,0.2054,0.1173,0.1777,0.2165,0.2616,0.3637,13154.3363,0.9996
alpha,174,0.3807,6e-4,0.0727,0.382,0.2471,0.3313,0.3779,0.427,0.5325,12565.8701,0.9996
alpha,175,0.4213,5e-4,0.0643,0.4229,0.3027,0.3775,0.4187,0.4621,0.5561,15000.7324,0.9997
alpha,176,0.5304,0.0022,0.2365,0.5582,0.1172,0.3428,0.5272,0.7146,0.9612,11439.2668,0.9999
alpha,177,0.7193,8e-4,0.0955,0.7644,0.5117,0.6561,0.7305,0.7897,0.8782,14670.262,0.9997
alpha,178,0.3211,0.0029,0.2842,0.0324,7e-4,0.0691,0.2486,0.5235,0.9394,9824.2796,0.9999
alpha,179,0.8534,7e-4,0.0625,0.873,0.7088,0.8178,0.8615,0.898,0.9527,8666.5066,1.0004
alpha,180,0.9059,7e-4,0.0681,0.9717,0.7436,0.8638,0.9183,0.9602,0.9965,10660.3245,0.9997
alpha,181,0.2863,0.0032,0.3034,0.0259,0.0016,0.0227,0.1553,0.5096,0.947,8787.2213,0.9998
alpha,182,0.7144,6e-4,0.0758,0.727,0.5641,0.6631,0.7156,0.7668,0.8607,13963.1496,0.9997
alpha,183,0.4763,7e-4,0.0833,0.4627,0.3224,0.4187,0.4718,0.5303,0.6488,14520.0531,0.9998
alpha,184,0.4597,5e-4,0.0575,0.445,0.3568,0.4201,0.4565,0.4957,0.5813,14458.5867,0.9998
alpha,185,0.6127,8e-4,0.0925,0.6413,0.4243,0.5498,0.6166,0.6786,0.78,12060.2564,0.9998
alpha,186,0.4513,9e-4,0.0947,0.4437,0.2687,0.386,0.4517,0.5165,0.6343,12310.3269,0.9999
alpha,187,0.3739,9e-4,0.0948,0.3485,0.2046,0.3068,0.37,0.4346,0.5713,11681.976,0.9998
alpha,188,0.3398,0.0025,0.2364,0.1693,0.0105,0.1497,0.2964,0.4967,0.8753,8792.5263,0.9998
alpha,189,0.544,6e-4,0.0692,0.5405,0.414,0.4966,0.5416,0.5904,0.6858,13893.024,0.9999
alpha,190,0.827,8e-4,0.0769,0.8348,0.6706,0.7755,0.8291,0.8828,0.968,9173.7293,1
alpha,191,0.0358,3e-4,0.0263,0.0198,0.0052,0.018,0.0298,0.0465,0.1027,9606.177,1.0001
alpha,192,0.1055,3e-4,0.0318,0.0975,0.0471,0.0826,0.1044,0.1272,0.1704,11691.1291,0.9999
alpha,193,0.2323,0.0021,0.1656,0.1285,0.0258,0.1158,0.1886,0.3053,0.6804,6396.2618,1.0003
alpha,194,0.2423,8e-4,0.1049,0.2056,0.0748,0.1613,0.231,0.3114,0.4705,16319.1063,0.9996
alpha,195,0.6269,0.0013,0.1123,0.6167,0.4168,0.5505,0.6231,0.6992,0.8573,6955.5097,0.9999
alpha,196,0.2171,8e-4,0.0891,0.1777,0.0727,0.1518,0.2074,0.2722,0.4179,13816.8077,0.9998
alpha,197,0.5434,0.0022,0.2554,0.4639,0.0786,0.3377,0.5466,0.7522,0.9721,13162.1132,1.0001
alpha,198,0.5161,7e-4,0.0773,0.5017,0.3767,0.4614,0.5117,0.5683,0.6752,12351.9268,0.9996
alpha,199,0.4474,0.0025,0.2409,0.4322,0.0231,0.2657,0.434,0.6134,0.9355,9150.5019,0.9997
alpha,200,0.4381,0.0012,0.1176,0.4711,0.1957,0.3608,0.4431,0.5202,0.6551,9475.8891,0.9999
beta,1,4.5453,0.0063,0.6939,4.3025,3.3318,4.057,4.4926,4.9829,6.0933,12055.2858,0.9996
beta,2,8.8939,0.0071,0.7863,9.7182,7.1034,8.3829,9.0372,9.5349,9.948,12100.1133,0.9998
beta,3,5.0754,0.0053,0.6049,5.0129,3.9785,4.6535,5.0411,5.4652,6.3347,13076.4331,0.9997
beta,4,3.7774,0.0051,0.5715,3.6121,2.7696,3.3785,3.7346,4.1322,5.03,12787.0781,1
beta,5,1.1869,0.0026,0.2768,1.1429,0.6897,0.9954,1.17,1.3586,1.7788,11555.9313,1
beta,6,3.1181,0.0039,0.4578,2.9836,2.3021,2.796,3.0883,3.4119,4.0935,13512.0854,1
beta,7,2.0436,0.0024,0.3052,2.0373,1.4727,1.8345,2.0333,2.2374,2.6631,15697.7984,0.9997
beta,8,4.414,0.0074,0.7793,4.2267,3.1113,3.8581,4.3408,4.877,6.1339,11235.9058,1
beta,9,4.3195,0.0046,0.5918,4.2975,3.2085,3.9105,4.3036,4.7156,5.5193,16273.677,0.9998
beta,10,6.0904,0.0093,0.9444,6.0016,4.4046,5.4317,6.0291,6.6899,8.1125,10320.4442,0.9999
beta,11,7.3049,0.0144,1.2007,6.884,5.1388,6.4054,7.2547,8.1707,9.6534,6914.4525,0.9998
beta,12,1.8539,0.0266,0.9484,1.4596,0.8716,1.3442,1.6713,2.0899,4.1993,1268.997,1.0005
beta,13,0.94,0.0052,0.3658,0.7853,0.3848,0.6987,0.8934,1.1332,1.7049,5029.5343,0.9998
beta,14,6.814,0.0107,0.8989,6.7745,5.1775,6.1783,6.7685,7.3835,8.7344,7036.8795,1.0004
beta,15,2.2173,0.0027,0.3394,2.238,1.5848,1.9765,2.2086,2.4454,2.9065,16242.2828,0.9998
beta,16,6.6886,0.0117,0.9216,6.5734,5.0515,6.0344,6.6302,7.2675,8.6914,6227.9144,1
beta,17,3.5928,0.0037,0.442,3.5703,2.7743,3.2892,3.5775,3.8744,4.4979,14511.7514,0.9997
beta,18,4.2931,0.006,0.6411,4.3291,3.1383,3.8512,4.2615,4.6927,5.6486,11571.6135,0.9998
beta,19,8.3785,0.0101,1.034,8.6931,6.2022,7.6501,8.4987,9.2197,9.9133,10437.042,0.9999
beta,20,7.0519,0.0188,1.5704,6.3937,4.2367,5.8228,7.0222,8.2906,9.7972,6956.8917,1
beta,21,8.6984,0.0083,0.9157,9.3344,6.5941,8.108,8.8481,9.4331,9.9456,12162.3282,0.9998
beta,22,5.4022,0.0157,1.1327,4.8612,3.6483,4.5836,5.2523,6.0548,8.0716,5213.6166,1.0004
beta,23,8.3197,0.0109,1.0361,8.7354,6.178,7.5992,8.4102,9.1567,9.9053,9037.79,0.9996
beta,24,8.5082,0.01,1.0142,9.5632,6.2734,7.8174,8.6552,9.3433,9.9348,10287.7959,0.9998
beta,25,8.0645,0.0134,1.198,8.216,5.6123,7.2069,8.1534,9.0567,9.9008,8006.7816,1.0004
beta,26,8.3327,0.0103,0.9319,8.526,6.4348,7.6885,8.3757,9.0454,9.8733,8207.2811,1.0003
beta,27,4.5163,0.0057,0.6308,4.4976,3.3349,4.0797,4.5013,4.9276,5.792,12256.8527,0.9998
beta,28,7.8688,0.0119,1.0571,8.1231,5.8205,7.1158,7.8929,8.6646,9.7917,7948.3408,0.9997
beta,29,2.9053,0.0043,0.4794,2.912,1.9877,2.5833,2.899,3.2255,3.8569,12158.9934,0.9998
beta,30,7.0653,0.0184,1.5551,6.3341,4.2755,5.8562,6.9814,8.2992,9.8283,7151.4158,1.0001
beta,31,1.5202,0.0027,0.2975,1.4923,0.9768,1.314,1.5072,1.7147,2.1293,12476.2992,0.9996
beta,32,8.8628,0.0077,0.8423,9.7537,6.926,8.3289,9.0225,9.5436,9.9608,11846.7059,0.9998
beta,33,1.8497,0.0058,0.4691,1.8272,1.0159,1.544,1.8291,2.1327,2.7959,6518.3534,1.0001
beta,34,2.4958,0.0038,0.4568,2.4071,1.6367,2.1764,2.4828,2.7984,3.4345,14285.5562,0.9997
beta,35,6.3514,0.0088,0.8452,6.1835,4.8284,5.7764,6.3088,6.8811,8.1434,9270.2033,0.9998
beta,36,1.0474,0.0087,0.3605,0.9869,0.4675,0.8202,1.0265,1.2473,1.6776,1704.8647,1.0034
beta,37,8.5964,0.0094,0.8898,8.8219,6.6867,7.998,8.6935,9.316,9.9196,8878.4119,0.9998
beta,38,6.5121,0.0129,1.0826,6.1465,4.6185,5.7369,6.4282,7.1969,8.8842,7014.5991,1
beta,39,5.696,0.0148,1.1362,5.4413,3.8506,4.8952,5.5534,6.3619,8.31,5870.7489,1.0002
beta,40,7.012,0.0114,1.0044,6.7011,5.1967,6.2993,6.9345,7.6762,9.1788,7785.4902,1.0004
beta,41,8.525,0.0111,1.0597,9.6531,6.1475,7.816,8.716,9.4083,9.9463,9168.4385,0.9999
beta,42,0.9129,0.0167,0.8318,0.7541,0.1417,0.5387,0.7838,1.0544,2.8472,2485.6946,1.0008
beta,43,2.2617,0.003,0.3397,2.1979,1.623,2.0319,2.2474,2.4842,2.9589,12506.8366,1.0001
beta,44,0.4204,0.0146,0.8818,0.0686,0.0075,0.0886,0.211,0.4168,2.7069,3666.0465,1.0008
beta,45,4.5786,0.0061,0.6716,4.4135,3.406,4.1139,4.5214,4.9927,6.0453,12297.7857,0.9996
beta,46,7.3167,0.0164,1.1953,7.241,5.1732,6.422,7.2655,8.162,9.6944,5306.0833,1.0005
beta,47,5.0968,0.006,0.6331,5.0337,3.9438,4.6559,5.0685,5.5124,6.4239,11098.045,0.9999
beta,48,5.5227,0.0068,0.7522,5.4116,4.1385,5.002,5.4843,6.0111,7.1064,12086.9648,0.9996
beta,49,7.465,0.0165,1.3599,6.8978,4.9252,6.4256,7.4595,8.5504,9.8163,6783.4549,1.0003
beta,50,5.7775,0.0094,0.9075,5.4669,4.2053,5.1345,5.7043,6.3519,7.7278,9296.996,1.0003
beta,51,7.6881,0.0133,1.1059,7.5612,5.5886,6.877,7.6685,8.5086,9.7404,6950.3823,0.9999
beta,52,8.127,0.0113,1.0463,8.257,6.0535,7.3733,8.1811,8.9467,9.8664,8598.0357,0.9999
beta,53,8.1472,0.0123,1.117,8.2205,5.8436,7.3517,8.2194,9.0515,9.9062,8189.3977,0.9997
beta,54,7.2412,0.0175,1.4713,6.5066,4.5593,6.1084,7.1954,8.4227,9.8192,7103.4934,0.9999
beta,55,7.7568,0.0134,1.0485,7.7184,5.8313,6.9818,7.7193,8.522,9.7757,6146.2252,1.0011
beta,56,5.3447,0.0158,1.1167,4.8916,3.5919,4.539,5.1929,5.9822,7.9784,4971.7089,1.0001
beta,57,3.0144,0.003,0.3565,3.0386,2.3438,2.7693,3.0074,3.2523,3.7356,13755.2332,0.9998
beta,58,1.8296,0.0042,0.4287,1.8444,1.0165,1.531,1.8242,2.1183,2.6909,10606.049,1.0001
beta,59,7.5417,0.0152,1.3934,7.2434,4.827,6.5096,7.5538,8.669,9.8419,8422.2232,0.9998
beta,60,0.3979,0.0209,1.0863,0.0518,0.0045,0.0536,0.1231,0.2544,3.7147,2711.8735,1.0009
beta,61,7.5344,0.0161,1.4143,7.1702,4.7912,6.4699,7.5737,8.6854,9.8586,7716.4582,0.9997
beta,62,5.1137,0.0131,1.0862,4.685,3.3746,4.3548,4.9699,5.7357,7.669,6840.1939,1.0002
beta,63,7.2598,0.0128,1.1352,7.2073,5.1613,6.4318,7.2104,8.0642,9.5337,7828.0996,1.0001
beta,64,2.046,0.0042,0.4315,1.979,1.2401,1.7503,2.0317,2.3312,2.9297,10428.82,0.9997
beta,65,8.0794,0.0138,1.1579,7.9385,5.7422,7.2336,8.1376,9.0381,9.8943,7009.3255,1.0006
beta,66,1.3588,0.0039,0.3857,1.2475,0.6532,1.1001,1.3425,1.5937,2.1365,9834.6105,1.0003
beta,67,2.2196,0.0044,0.4333,2.0835,1.4338,1.9141,2.1988,2.5003,3.1249,9504.4981,0.9999
beta,68,3.6126,0.0043,0.4939,3.5764,2.7047,3.2682,3.5937,3.9312,4.6394,13487.3835,0.9999
beta,69,1.1489,0.0027,0.2791,1.1265,0.6423,0.9578,1.1386,1.3237,1.7409,10407.664,0.9999
beta,70,0.6442,0.0074,0.3158,0.6473,0.2159,0.4888,0.6287,0.7731,1.1074,1821.7972,1.0025
beta,71,8.1796,0.0121,1.0404,8.4469,6.1266,7.4063,8.2406,9.0085,9.8829,7345.6377,1.0005
beta,72,0.7579,0.0165,0.4941,0.6369,0.2203,0.5333,0.7103,0.903,1.4128,900.7993,1.0028
beta,73,3.5081,0.0044,0.5051,3.5006,2.5731,3.1606,3.4891,3.8266,4.5523,12909.0113,0.9998
beta,74,2.3834,0.0032,0.3665,2.3525,1.6902,2.1284,2.3732,2.6217,3.1188,13281.4486,0.9998
beta,75,1.4631,0.0051,0.4639,1.491,0.567,1.1585,1.4615,1.7605,2.3763,8292.1374,1.0002
beta,76,2.0122,0.0027,0.3126,2.0361,1.4163,1.8019,2.0107,2.2086,2.6486,13334.0376,0.9996
beta,77,0.4072,0.0188,1.13,0.0411,0.0036,0.0366,0.0903,0.2098,4.049,3607.174,0.9996
beta,78,6.9548,0.0113,1.0016,6.8333,5.1713,6.2412,6.9027,7.6104,9.1036,7913.8765,0.9999
beta,79,6.8465,0.0139,1.1035,6.6224,4.9218,6.0454,6.7584,7.5448,9.2139,6294.3421,1.0003
beta,80,1.1676,0.0228,0.9804,0.9202,0.2563,0.7091,0.9824,1.3006,3.8206,1841.1993,1.002
beta,81,1.9849,0.0032,0.3577,1.9491,1.3079,1.741,1.9724,2.2242,2.7175,12607.7346,0.9995
beta,82,6.9885,0.0185,1.5801,6.3041,4.1709,5.7552,6.9392,8.2633,9.7875,7291.4689,0.9999
beta,83,3.8666,0.0043,0.5022,3.7419,2.9402,3.5182,3.8486,4.1937,4.9022,13413.5562,1
beta,84,4.2997,0.0054,0.5843,4.2258,3.2375,3.897,4.2698,4.6623,5.5345,11557.5406,0.9997
beta,85,2.4069,0.0027,0.3255,2.3828,1.8241,2.1853,2.3914,2.6187,3.075,14792.7256,0.9996
beta,86,1.9938,0.034,2.0083,0.7522,0.2969,0.7269,1.172,2.4603,8.2263,3482.1906,1.0007
beta,87,1.1395,0.0057,0.4216,1.0973,0.4231,0.8619,1.1144,1.3844,1.9639,5444.2982,1.0007
beta,88,8.5407,0.0117,1.0617,9.6247,6.0982,7.82,8.7502,9.414,9.9487,8287.269,1
beta,89,6.1028,0.015,1.1067,5.8492,4.2823,5.3215,5.9677,6.7432,8.6674,5437.8326,1.0004
beta,90,6.4203,0.0101,0.9683,6.2256,4.6917,5.746,6.345,7.0336,8.495,9280.778,1.0001
beta,91,5.9853,0.0156,0.9735,5.5586,4.4551,5.32,5.8367000000000004,6.5051,8.3934,3901.5587,1.0018
beta,92,7.9692,0.0129,1.2249,8.2063,5.4547,7.0766,8.0488,8.9786,9.8909,8995.287,0.9997
beta,93,7.0248,0.0188,1.5602,7.0438,4.2564,5.7961,6.9768,8.2695,9.8077,6922.0936,1
beta,94,3.2629,0.004,0.4731,3.1722,2.3814,2.9388,3.2433,3.5755,4.2209,13675.6001,0.9999
beta,95,8.4664,0.0114,1.043,9.6573,6.1672,7.7764,8.5982,9.3269,9.9429,8394.8053,1
beta,96,7.1311,0.0202,1.5764,6.5441,4.2876,5.9038,7.0916,8.4105,9.8502,6106.6651,1.0007
beta,97,7.4184,0.0139,1.1083,7.1124,5.3655,6.628,7.3741,8.1949,9.6336,6400.2765,1.0003
beta,98,2.4888,0.004,0.4284,2.5266,1.6719,2.1926,2.4829,2.7646,3.358,11601.8148,0.9997
beta,99,7.8428,0.0138,1.2611,8.3351,5.307,6.9347,7.9028,8.871,9.8593,8408.7993,0.9996
beta,100,5.3181,0.0071,0.7466,5.0936,4.0244,4.7799,5.2589,5.7919,6.9199,11028.2593,1
beta,101,3.4657,0.0042,0.4925,3.4419,2.5237,3.1319,3.4536,3.7803,4.4899,13522.7236,1.0001
beta,102,8.9643,0.0072,0.7942,9.746,7.1089,8.4913,9.1252,9.6181,9.9619,12018.8492,0.9998
beta,103,0.7116,0.0215,1.4349,0.072,0.0095,0.0844,0.2088,0.5288,5.825,4471.5101,1.0008
beta,104,2.522,0.0047,0.4629,2.4629,1.6619,2.2,2.5082,2.8252,3.4673,9546.9981,1.0002
beta,105,8.3999,0.0108,1.0418,9.2904,6.1749,7.6874,8.5373,9.2517,9.9145,9356.8341,0.9997
beta,106,6.9602,0.0134,1.0707,6.7335,5.0841,6.1804,6.8777,7.6779,9.2404,6424.8474,0.9996
beta,107,8.6347,0.0098,0.9388,9.5261,6.5367,8.0176,8.7531,9.4116,9.9524,9123.6556,1
beta,108,1.1082,0.0092,0.4264,1.1074,0.4808,0.8683,1.0806,1.2986,1.8128,2135.1538,1.0013
beta,109,1.1603,0.0026,0.2864,1.0954,0.6569,0.9579,1.1444,1.342,1.7733,12069.9067,0.9997
beta,110,6.2542,0.0159,1.1087,5.7648,4.4401,5.454,6.1337,6.9303,8.8039,4882.7691,1.0002
beta,111,1.6091,0.0104,0.639,1.4241,0.7113,1.2487,1.5423,1.8554,2.866,3777.2495,1.0001
beta,112,6.2178,0.0101,0.9554,6.0603,4.5314,5.5577,6.1528,6.8275,8.2837,8981.6257,0.9998
beta,113,3.8567,0.0044,0.5109,3.8086,2.9302,3.5049,3.8343,4.1839,4.9402,13557.4928,0.9996
beta,114,2.7418,0.0039,0.4123,2.5867,1.9936,2.4547,2.7216,3.0018,3.6045,11106.7168,0.9998
beta,115,2.0481,0.004,0.3981,2.0361,1.2986,1.7721,2.0396,2.3158,2.841,9983.5782,0.9996
beta,116,3.4143,0.004,0.5016,3.2502,2.5451,3.059,3.3868,3.7315,4.4847,15574.7863,0.9999
beta,117,3.408,0.0044,0.4843,3.3515,2.5318,3.0663,3.3821,3.7261,4.4015,12171.0286,0.9996
beta,118,8.5163,0.0108,0.9955,9.4559,6.3525,7.8463,8.654,9.3362,9.929,8507.1092,0.9998
beta,119,2.9882,0.0042,0.4378,2.8681,2.1835,2.6851,2.9687,3.2653,3.9123,10718.7725,1
beta,120,4.9192,0.0055,0.6264,4.7653,3.7964,4.479,4.8824,5.3162,6.2216,13014.9639,0.9996
beta,121,5.8263,0.0084,0.8781,5.61,4.231,5.2125,5.7719,6.383,7.6895,10924.1952,0.9996
beta,122,8.8308,0.0081,0.8794,9.7055,6.7932,8.2894,9.016,9.5476,9.9545,11737.6033,0.9996
beta,123,7.7244,0.0121,1.0659,7.5155,5.7203,6.9539,7.6851,8.5015,9.7489,7769.624,0.9999
beta,124,4.2211,0.0045,0.5411,4.1771,3.243,3.848,4.1989,4.567,5.3564,14235.4537,0.9996
beta,125,6.4619,0.009,0.8763,6.3959,4.9033,5.8418,6.4101,7.0254,8.3531,9425.0576,1
beta,126,2.5701,0.0029,0.3669,2.6185,1.8652,2.3191,2.5656,2.8125,3.313,15648.0461,0.9998
beta,127,4.0564,0.0048,0.5694,3.9986,3.0238,3.6586,4.0279,4.418,5.2626,13803.1758,0.9998
beta,128,1.2866,0.0031,0.3081,1.2497,0.729,1.0722,1.2697,1.4887,1.9287,9979.4249,0.9998
beta,129,7.082,0.0173,1.5434,6.9346,4.3037,5.8616,7.0455,8.3162,9.7979,8005.2791,1
beta,130,5.2413,0.0271,1.779,3.9747,2.8222,3.8825,4.8042,6.2928,9.4466,4293.6372,1.0003
beta,131,0.6093,0.0062,0.4063,0.4767,0.0609,0.3541,0.5589,0.7996,1.3969,4339.7162,1.0002
beta,132,2.616,0.0044,0.4402,2.6244,1.8057,2.3144,2.6041,2.907,3.5321,9836.7199,1
beta,133,4.3608,0.0055,0.5783,4.2666,3.3016,3.9507,4.3439,4.7434,5.5642,11133.681,0.9997
beta,134,1.6105,0.0027,0.2966,1.6043,1.0736,1.4102,1.5991,1.7987,2.2307,11984.9161,1
beta,135,4.4802,0.007,0.8027,4.3344,3.0906,3.9186,4.4097,4.9678,6.2593,13021.8173,0.9997
beta,136,5.9478,0.0134,1.0663,5.7822,4.1627,5.1917,5.8432,6.5729,8.3729,6308.5494,1.0003
beta,137,1.4681,0.0025,0.2643,1.4431,0.9675,1.2895,1.4594,1.64,2.0117,11362.4085,0.9998
beta,138,3.6144,0.0033,0.4203,3.5754,2.8383,3.3269,3.5948,3.8889,4.5038,16017.6456,0.9999
beta,139,3.1957,0.0039,0.4418,3.136,2.3914,2.8889,3.1741,3.4898,4.095,13127.0729,0.9998
beta,140,2.7238,0.0035,0.4008,2.7015,1.9863,2.4439,2.7075,2.9785,3.5613,12981.8519,0.9997
beta,141,0.9577,0.0083,0.5349,0.8189,0.2018,0.6236,0.8993,1.2175,1.9508,4118.135,1.0005
beta,142,8.5169,0.0106,1.0071,9.5833,6.3419,7.8339,8.6555,9.3488,9.9425,9098.7129,1
beta,143,7.9178,0.0144,1.2731,8.9547,5.3555,6.9725,8.0086,8.9859000000000009,9.8852,7805.3192,0.9997
beta,144,6.5908,0.0113,0.9314,6.5298,4.9538,5.9317,6.525,7.1832,8.6185,6837.4002,0.9996
beta,145,3.5261,0.0042,0.4803,3.5116,2.6563,3.1954,3.5056,3.8337,4.5217,12928.5403,1.0003
beta,146,1.7322,0.0026,0.2995,1.6957,1.1649,1.5242,1.7244,1.9374,2.3412,13372.4361,0.9998
beta,147,5.9947,0.0084,0.8369,5.7861,4.4613,5.4192,5.9393,6.5234,7.805,9890.3457,1.0001
beta,148,2.2688,0.0026,0.3118,2.2728,1.6883,2.0503,2.2578,2.4685,2.9182,14088.8406,1.0001
beta,149,4.9936,0.006,0.669,4.9289,3.7934,4.524,4.9542,5.4331,6.3794,12631.0952,0.9997
beta,150,7.9194,0.0137,1.3203,8.3161,5.1629,6.9631,8.0655,9.0142,9.9051,9303.4426,1.0006
beta,151,6.2705,0.0099,0.8722,6.0787,4.7369,5.6603,6.2086,6.8186,8.2113,7727.4128,0.9999
beta,152,8.243,0.0106,1.0247,8.7087,6.1113,7.528,8.3182,9.0431,9.8831,9285.6646,1.0001
beta,153,7.4017,0.0147,1.1051,7.0053,5.4192,6.6036,7.3263,8.1571,9.6587,5643.7481,0.9999
beta,154,8.4768,0.0099,0.998,9.3419,6.3376,7.8007,8.6019,9.3013,9.9232,10096.8901,0.9999
beta,155,5.997,0.0086,0.8839,5.9019,4.4672,5.3662,5.9358,6.548,7.8817,10587.6632,1
beta,156,7.6591,0.0141,1.156,7.3898,5.5065,6.8066,7.6304,8.556,9.7894,6765.9258,0.9998
beta,157,3.456,0.004,0.449,3.3177,2.6529,3.1432,3.4254,3.7551,4.3773,12564.0031,0.9996
beta,158,0.7138,0.0044,0.3071,0.6721,0.1829,0.5098,0.6974,0.8946,1.3275,4946.8745,1.0001
beta,159,2.7716,0.0043,0.4796,2.7358,1.8692,2.437,2.7558,3.0876,3.7442,12390.6625,1.0002
beta,160,2.4074,0.0063,0.4866,2.3052,1.585,2.0905,2.3717,2.6801,3.433,5955.3751,1.0001
beta,161,7.0318,0.0182,1.5671,6.6682,4.2308,5.7777,7.0106,8.288,9.7886,7441.1127,0.9998
beta,162,3.2044,0.0045,0.4794,3.1312,2.3362,2.8684,3.1728,3.5119,4.2231,11576.0427,0.9998
beta,163,4.0999,0.0057,0.6196,3.8902,2.9913,3.6676,4.0654,4.4921,5.4136,11673.6369,1
beta,164,0.7398,0.0022,0.2245,0.7539,0.3154,0.5862,0.7364,0.8814,1.2004,10604.3956,0.9997
beta,165,3.5875,0.0043,0.5014,3.4757,2.6999,3.2348,3.5567,3.9089,4.6495,13753.9947,0.9998
beta,166,4.582,0.0052,0.6215,4.4299,3.4411,4.149,4.5505,4.9748,5.8597,14068.3921,0.9999
beta,167,8.6661,0.0094,0.9646,9.621,6.4467,8.0437,8.8483,9.4562,9.9461,10507.8668,0.9998
beta,168,8.7583,0.0083,0.9189,9.581,6.6505,8.1728,8.9405,9.5116,9.9495,12197.893,0.9997
beta,169,4.9272,0.0057,0.6853,4.7422,3.6479,4.4559,4.8903,5.3772,6.3371,14405.5614,0.9998
beta,170,7.8813,0.0134,1.0741,7.7363,5.7937,7.1118,7.8776,8.691,9.8084,6415.4881,1.0002
beta,171,3.2887,0.0054,0.5216,3.2629,2.3194,2.9376,3.2734,3.6109,4.3454,9282.8003,1
beta,172,8.3405,0.0105,0.9552,8.7538,6.316,7.6932,8.4142,9.0892,9.8635,8207.6391,1.0007
beta,173,3.2699,0.0037,0.4621,3.2321,2.3931,2.9556,3.257,3.579,4.2104,15748.9679,0.9997
beta,174,5.2905,0.0063,0.6834,5.3208,4.0333,4.8216,5.2661,5.7298,6.688,11743.4654,0.9998
beta,175,7.8956,0.0114,1.0467,7.6562,5.8746,7.1448,7.9014,8.6907,9.7795,8486.6058,0.9997
beta,176,0.7971,0.0035,0.3054,0.8178,0.2386,0.5854,0.7844,0.9822,1.4498,7451.8457,1.0003
beta,177,7.9376,0.0138,1.1836,8.116,5.5902,7.0746,7.9994,8.8927,9.8802,7367.0889,1.0006
beta,178,0.4244,0.018,1.022,0.0503,0.0055,0.067,0.1618,0.3256,3.4339,3231.1837,1.0004
beta,179,7.0239,0.0193,1.5121,6.2403,4.3606,5.8564,6.9516,8.2049,9.8061,6124.9528,1.0001
beta,180,2.6993,0.0036,0.4198,2.6673,1.9451,2.4057,2.6753,2.9684,3.5859,13888.3186,0.9998
beta,181,0.9245,0.024,1.5203,0.1536,0.018,0.1718,0.36870000000000003,0.8725,6.0585,4009.6102,1.0001
beta,182,4.3089,0.0055,0.6247,4.1188,3.2046,3.8665,4.2744,4.7101,5.6268,12955.2756,0.9998
beta,183,3.6968,0.0042,0.4863,3.6048,2.7842,3.3672,3.6809,4.0071,4.7038,13239.172,0.9996
beta,184,8.5398,0.01,0.9763,8.9565,6.4067,7.8886,8.6797,9.331,9.932,9497.3465,0.9997
beta,185,8.0048,0.0135,1.161,7.7307,5.7074,7.1637,8.0408,8.9417,9.8905,7360.7902,1.0002
beta,186,8.2815,0.0122,1.1018,9.4145,6.0062,7.494,8.3993,9.2085,9.9168,8179.3087,1.0001
beta,187,3.5481,0.0045,0.507,3.5016,2.5997,3.2054,3.5292,3.874,4.6012,12730.1951,0.9998
beta,188,1.1057,0.0127,0.6957,0.8452,0.2732,0.7057,0.9971,1.345,2.5522,3020.6732,1.0008
beta,189,4.1885,0.0045,0.5569,4.0427,3.1816,3.7974,4.1594,4.5593,5.3541,15005.9814,0.9998
beta,190,3.4165,0.0042,0.4898,3.3192,2.5263,3.074,3.3865,3.7273,4.4447,13908.1938,1
beta,191,2.4363,0.0177,0.855,2.1889,1.4409,1.9693,2.2799,2.6542,4.6548,2324.235,1.0007
beta,192,8.3908,0.0107,0.9609,8.9174,6.4295,7.7055,8.4621,9.1628,9.9081,8021.2043,1.0001
beta,193,1.1265,0.0075,0.4992,1.0552,0.3762,0.8302,1.0954,1.3678,1.9634,4422.5634,1.0011
beta,194,7.7481,0.0142,1.1652,7.5487,5.535,6.8954,7.7335,8.655,9.8133,6767.6157,1.0003
beta,195,2.2726,0.0034,0.3502,2.1753,1.6229,2.0368,2.2615,2.5029,2.9927,10821.6098,1
beta,196,8.8,0.0082,0.9036,9.703,6.696,8.2652,8.9756,9.5357,9.959,12041.97,1
beta,197,0.6427,0.0029,0.2599,0.5849,0.1781,0.4577,0.6249,0.8088,1.1923,8156.1623,1
beta,198,5.9902,0.0105,0.9214,5.79,4.3979,5.3459,5.9148,6.5616,8.0057,7723.7513,1.0001
beta,199,0.5089,0.008,0.4346,0.4288,0.0443,0.283,0.4614,0.658,1.143,2953.4499,1.0008
beta,200,7.7303,0.0159,1.2421,7.5359,5.3424,6.8039,7.7344,8.7207,9.8321,6126.6863,1.0004
lp__,NA,-14759.0459,0.3391,16.2474,-14759.4381,-14791.6185,-14769.4841,-14758.9148,-14748.1791,-14728.021,2296.2266,1.0011
